Date,signal,position
2023-01-02,-1,-0.9240880505100548
2023-01-03,-1,-0.9392704404080439
2023-01-04,-1,-0.9514163523264352
2023-01-05,0,-0.7611330818611481
2023-01-06,0,-0.6089064654889186
2023-01-07,-1,-0.6871251723911349
2023-01-08,-1,-0.749700137912908
2023-01-09,-1,-0.7997601103303265
2023-01-10,-1,-0.8398080882642611
2023-01-11,-1,-0.8718464706114089
2023-01-12,0,-0.6974771764891271
2023-01-13,-1,-0.7579817411913017
2023-01-14,-1,-0.8063853929530413
2023-01-15,-1,-0.8451083143624332
2023-01-16,-1,-0.8760866514899466
2023-01-17,0,-0.7008693211919573
2023-01-18,0,-0.5606954569535659
2023-01-19,-1,-0.6485563655628528
2023-01-20,-1,-0.7188450924502823
2023-01-21,-1,-0.7750760739602258
2023-01-22,-1,-0.8200608591681806
2023-01-23,-1,-0.8560486873345445
2023-01-24,-1,-0.8848389498676357
2023-01-25,-1,-0.9078711598941085
2023-01-26,0,-0.7262969279152869
2023-01-27,-1,-0.7810375423322296
2023-01-28,-1,-0.8248300338657837
2023-01-29,-1,-0.859864027092627
2023-01-30,-1,-0.8878912216741017
2023-01-31,-1,-0.9103129773392815
2023-02-01,0,-0.7282503818714252
2023-02-02,0,-0.5826003054971401
2023-02-03,0,-0.4660802443977121
2023-02-04,-1,-0.5728641955181697
2023-02-05,-1,-0.6582913564145358
2023-02-06,-1,-0.7266330851316287
2023-02-07,-1,-0.781306468105303
2023-02-08,0,-0.6250451744842425
2023-02-09,0,-0.500036139587394
2023-02-10,-1,-0.6000289116699152
2023-02-11,0,-0.4800231293359322
2023-02-12,0,-0.3840185034687458
2023-02-13,1,-0.10721480277499662
2023-02-14,0,-0.0857718422199973
2023-02-15,1,0.13138252622400215
2023-02-16,0,0.10510602097920173
2023-02-17,0,0.08408481678336138
2023-02-18,0,0.0672678534266891
2023-02-19,0,0.053814282741351284
2023-02-20,0,0.04305142619308103
2023-02-21,0,0.03444114095446482
2023-02-22,0,0.027552912763571857
2023-02-23,1,0.2220423302108575
2023-02-24,0,0.177633864168686
2023-02-25,0,0.1421070913349488
2023-02-26,0,0.11368567306795906
2023-02-27,0,0.09094853845436725
2023-02-28,0,0.0727588307634938
2023-03-01,0,0.05820706461079505
2023-03-02,0,0.046565651688636044
2023-03-03,1,0.23725252135090885
2023-03-04,0,0.18980201708072708
2023-03-05,0,0.15184161366458168
2023-03-06,0,0.12147329093166535
2023-03-07,1,0.2971786327453323
2023-03-08,0,0.23774290619626584
2023-03-09,0,0.1901943249570127
2023-03-10,1,0.35215545996561015
2023-03-11,0,0.2817243679724881
2023-03-12,0,0.2253794943779905
2023-03-13,1,0.38030359550239246
2023-03-14,-1,0.10424287640191399
2023-03-15,1,0.2833943011215312
2023-03-16,-1,0.02671544089722494
2023-03-17,1,0.22137235271777997
2023-03-18,-1,-0.02290211782577603
2023-03-19,-1,-0.21832169426062084
2023-03-20,-1,-0.3746573554084967
2023-03-21,0,-0.29972588432679736
2023-03-22,1,-0.039780707461437886
2023-03-23,0,-0.03182456596915031
2023-03-24,1,0.17454034722467976
2023-03-25,0,0.13963227777974382
2023-03-26,0,0.11170582222379506
2023-03-27,0,0.08936465777903606
2023-03-28,-1,-0.12850827377677115
2023-03-29,-1,-0.3028066190214169
2023-03-30,-1,-0.44224529521713357
2023-03-31,1,-0.15379623617370686
2023-04-01,-1,-0.3230369889389655
2023-04-02,0,-0.2584295911511724
2023-04-03,0,-0.20674367292093795
2023-04-04,0,-0.16539493833675037
2023-04-05,0,-0.1323159506694003
2023-04-06,0,-0.10585276053552024
2023-04-07,-1,-0.2846822084284162
2023-04-08,0,-0.22774576674273295
2023-04-09,0,-0.18219661339418636
2023-04-10,1,0.054242709284650914
2023-04-11,-1,-0.15660583257227928
2023-04-12,0,-0.12528466605782343
2023-04-13,-1,-0.30022773284625875
2023-04-14,0,-0.24018218627700702
2023-04-15,0,-0.19214574902160564
2023-04-16,0,-0.15371659921728453
2023-04-17,-1,-0.32297327937382764
2023-04-18,-1,-0.4583786234990621
2023-04-19,0,-0.3667028987992497
2023-04-20,0,-0.2933623190393998
2023-04-21,0,-0.23468985523151986
2023-04-22,-1,-0.3877518841852159
2023-04-23,0,-0.31020150734817276
2023-04-24,0,-0.2481612058785382
2023-04-25,1,0.0014710352971694374
2023-04-26,0,0.00117682823773555
2023-04-27,-1,-0.19905853740981158
2023-04-28,0,-0.15924682992784928
2023-04-29,0,-0.12739746394227944
2023-04-30,0,-0.10191797115382356
2023-05-01,-1,-0.2815343769230589
2023-05-02,1,-0.025227501538447106
2023-05-03,0,-0.020182001230757685
2023-05-04,0,-0.01614560098460615
2023-05-05,0,-0.01291648078768492
2023-05-06,0,-0.010333184630147936
2023-05-07,0,-0.00826654770411835
2023-05-08,-1,-0.2066132381632947
2023-05-09,-1,-0.3652905905306358
2023-05-10,0,-0.2922324724245086
2023-05-11,1,-0.03378597793960689
2023-05-12,-1,-0.22702878235168553
2023-05-13,0,-0.18162302588134843
2023-05-14,0,-0.14529842070507876
2023-05-15,0,-0.11623873656406301
2023-05-16,0,-0.09299098925125042
2023-05-17,-1,-0.27439279140100037
2023-05-18,0,-0.21951423312080032
2023-05-19,-1,-0.3756113864966403
2023-05-20,-1,-0.5004891091973123
2023-05-21,-1,-0.6003912873578499
2023-05-22,0,-0.4803130298862799
2023-05-23,0,-0.3842504239090239
2023-05-24,-1,-0.5074003391272192
2023-05-25,0,-0.4059202713017753
2023-05-26,0,-0.3247362170414203
2023-05-27,0,-0.25978897363313624
2023-05-28,0,-0.207831178906509
2023-05-29,0,-0.16626494312520723
2023-05-30,0,-0.13301195450016579
2023-05-31,0,-0.10640956360013264
2023-06-01,0,-0.08512765088010611
2023-06-02,1,0.13189787929591512
2023-06-03,0,0.1055183034367321
2023-06-04,0,0.08441464274938569
2023-06-05,0,0.06753171419950856
2023-06-06,-1,-0.14597462864039318
2023-06-07,0,-0.11677970291231454
2023-06-08,-1,-0.2934237623298517
2023-06-09,0,-0.23473900986388135
2023-06-10,0,-0.1877912078911051
2023-06-11,0,-0.15023296631288408
2023-06-12,0,-0.12018637305030727
2023-06-13,0,-0.09614909844024583
2023-06-14,-1,-0.2769192787521967
2023-06-15,1,-0.021535423001757342
2023-06-16,0,-0.017228338401405873
2023-06-17,0,-0.013782670721124698
2023-06-18,0,-0.01102613657689976
2023-06-19,0,-0.008820909261519808
2023-06-20,1,0.19294327259078417
2023-06-21,0,0.15435461807262735
2023-06-22,1,0.3234836944581019
2023-06-23,-1,0.0587869555664815
2023-06-24,0,0.04702956445318521
2023-06-25,0,0.03762365156254817
2023-06-26,0,0.030098921250038536
2023-06-27,0,0.02407913700003083
2023-06-28,0,0.019263309600024665
2023-06-29,0,0.015410647680019733
2023-06-30,-1,-0.18767148185598423
2023-07-01,0,-0.15013718548478738
2023-07-02,0,-0.12010974838782991
2023-07-03,0,-0.09608779871026393
2023-07-04,0,-0.07687023896821116
2023-07-05,0,-0.06149619117456893
2023-07-06,0,-0.04919695293965515
2023-07-07,-1,-0.23935756235172412
2023-07-08,0,-0.1914860498813793
2023-07-09,0,-0.15318883990510346
2023-07-10,0,-0.12255107192408277
2023-07-11,-1,-0.29804085753926624
2023-07-12,0,-0.238432686031413
2023-07-13,1,0.009253851174869598
2023-07-14,0,0.007403080939895679
2023-07-15,0,0.0059224647519165435
2023-07-16,-1,-0.19526202819846677
2023-07-17,-1,-0.3562096225587734
2023-07-18,-1,-0.4849676980470188
2023-07-19,-1,-0.587974158437615
2023-07-20,0,-0.47037932675009203
2023-07-21,-1,-0.5763034614000737
2023-07-22,-1,-0.661042769120059
2023-07-23,-1,-0.7288342152960472
2023-07-24,-1,-0.7830673722368378
2023-07-25,-1,-0.8264538977894702
2023-07-26,-1,-0.8611631182315762
2023-07-27,0,-0.688930494585261
2023-07-28,-1,-0.7511443956682089
2023-07-29,-1,-0.8009155165345672
2023-07-30,-1,-0.8407324132276537
2023-07-31,-1,-0.8725859305821231
2023-08-01,1,-0.49806874446569854
2023-08-02,-1,-0.5984549955725589
2023-08-03,-1,-0.6787639964580472
2023-08-04,0,-0.5430111971664378
2023-08-05,-1,-0.6344089577331502
2023-08-06,-1,-0.7075271661865201
2023-08-07,0,-0.5660217329492161
2023-08-08,1,-0.2528173863593729
2023-08-09,0,-0.20225390908749832
2023-08-10,0,-0.16180312726999868
2023-08-11,0,-0.12944250181599895
2023-08-12,0,-0.10355400145279917
2023-08-13,0,-0.08284320116223934
2023-08-14,0,-0.06627456092979148
2023-08-15,0,-0.053019648743833185
2023-08-16,0,-0.04241571899506655
2023-08-17,1,0.16606742480394676
2023-08-18,-1,-0.0671460601568426
2023-08-19,0,-0.05371684812547409
2023-08-20,0,-0.042973478500379275
2023-08-21,0,-0.034378782800303424
2023-08-22,0,-0.027503026240242742
2023-08-23,0,-0.022002420992194197
2023-08-24,0,-0.01760193679375536
2023-08-25,0,-0.014081549435004288
2023-08-26,0,-0.01126523954800343
2023-08-27,0,-0.009012191638402745
2023-08-28,0,-0.007209753310722196
2023-08-29,0,-0.005767802648577757
2023-08-30,0,-0.004614242118862206
2023-08-31,0,-0.0036913936950897647
2023-09-01,0,-0.0029531149560718117
2023-09-02,-1,-0.20236249196485745
2023-09-03,-1,-0.361889993571886
2023-09-04,-1,-0.48951199485750885
2023-09-05,0,-0.3916095958860071
2023-09-06,0,-0.3132876767088057
2023-09-07,-1,-0.4506301413670446
2023-09-08,-1,-0.5605041130936357
2023-09-09,-1,-0.6484032904749086
2023-09-10,-1,-0.718722632379927
2023-09-11,0,-0.5749781059039416
2023-09-12,1,-0.2599824847231533
2023-09-13,0,-0.20798598777852262
2023-09-14,0,-0.1663887902228181
2023-09-15,-1,-0.3331110321782545
2023-09-16,0,-0.26648882574260363
2023-09-17,0,-0.2131910605940829
2023-09-18,0,-0.17055284847526633
2023-09-19,0,-0.13644227878021306
2023-09-20,-1,-0.3091538230241705
2023-09-21,1,-0.0473230584193364
2023-09-22,-1,-0.23785844673546913
2023-09-23,-1,-0.3902867573883753
2023-09-24,-1,-0.5122294059107002
2023-09-25,0,-0.40978352472856017
2023-09-26,1,-0.12782681978284816
2023-09-27,1,0.09773854417372148
2023-09-28,1,0.2781908353389772
2023-09-29,1,0.42255266827118176
2023-09-30,0,0.33804213461694543
2023-10-01,0,0.27043370769355635
2023-10-02,1,0.4163469661548451
2023-10-03,0,0.33307757292387613
2023-10-04,1,0.4664620583391009
2023-10-05,1,0.5731696466712808
2023-10-06,0,0.45853571733702464
2023-10-07,1,0.5668285738696197
2023-10-08,1,0.6534628590956958
2023-10-09,0,0.5227702872765566
2023-10-10,1,0.6182162298212452
2023-10-11,0,0.4945729838569962
2023-10-12,0,0.395658387085597
2023-10-13,0,0.3165267096684776
2023-10-14,0,0.2532213677347821
2023-10-15,-1,0.0025770941878256737
2023-10-16,0,0.002061675350260539
2023-10-17,-1,-0.19835065971979157
2023-10-18,0,-0.15868052777583327
2023-10-19,0,-0.12694442222066663
2023-10-20,0,-0.10155553777653331
2023-10-21,0,-0.08124443022122665
2023-10-22,0,-0.06499554417698132
2023-10-23,0,-0.05199643534158506
2023-10-24,0,-0.04159714827326805
2023-10-25,0,-0.03327771861861444
2023-10-26,-1,-0.22662217489489156
2023-10-27,-1,-0.38129773991591326
2023-10-28,-1,-0.5050381919327307
2023-10-29,-1,-0.6040305535461845
2023-10-30,-1,-0.6832244428369476
2023-10-31,0,-0.5465795542695581
2023-11-01,0,-0.4372636434156465
2023-11-02,-1,-0.5498109147325172
2023-11-03,0,-0.4398487317860138
2023-11-04,-1,-0.5518789854288111
2023-11-05,-1,-0.6415031883430489
2023-11-06,0,-0.5132025506744391
2023-11-07,0,-0.4105620405395513
2023-11-08,1,-0.12844963243164104
2023-11-09,-1,-0.3027597059453129
2023-11-10,1,-0.04220776475625029
2023-11-11,-1,-0.23376621180500023
2023-11-12,-1,-0.3870129694440002
2023-11-13,-1,-0.5096103755552002
2023-11-14,1,-0.20768830044416015
2023-11-15,-1,-0.3661506403553281
2023-11-16,-1,-0.49292051228426254
2023-11-17,-1,-0.59433640982741
2023-11-18,-1,-0.675469127861928
2023-11-19,-1,-0.7403753022895425
2023-11-20,-1,-0.7923002418316341
2023-11-21,-1,-0.8338401934653072
2023-11-22,0,-0.6670721547722458
2023-11-23,-1,-0.7336577238177966
2023-11-24,-1,-0.7869261790542372
2023-11-25,-1,-0.8295409432433898
2023-11-26,-1,-0.8636327545947118
2023-11-27,-1,-0.8909062036757696
2023-11-28,0,-0.7127249629406157
2023-11-29,0,-0.5701799703524926
2023-11-30,0,-0.4561439762819941
2023-12-01,1,-0.16491518102559527
2023-12-02,0,-0.13193214482047622
2023-12-03,0,-0.10554571585638098
2023-12-04,1,0.11556342731489522
2023-12-05,1,0.2924507418519162
2023-12-06,-1,0.033960593481532964
2023-12-07,0,0.02716847478522637
2023-12-08,1,0.2217347798281811
2023-12-09,-1,-0.022612176137455114
2023-12-10,-1,-0.2180897409099641
2023-12-11,1,0.025528207272028702
2023-12-12,-1,-0.17957743418237704
2023-12-13,1,0.056338052654098386
2023-12-14,1,0.24507044212327872
2023-12-15,1,0.396056353698623
2023-12-16,1,0.5168450829588984
2023-12-17,1,0.6134760663671188
2023-12-18,0,0.49078085309369507
2023-12-19,0,0.3926246824749561
2023-12-20,1,0.5140997459799649
2023-12-21,0,0.4112797967839719
2023-12-22,0,0.32902383742717756
2023-12-23,1,0.46321906994174206
2023-12-24,1,0.5705752559533936
2023-12-25,1,0.6564602047627149
2023-12-26,0,0.525168163810172
2023-12-27,1,0.6201345310481376
2023-12-28,0,0.4961076248385101
2023-12-29,1,0.5968860998708081
2023-12-30,0,0.4775088798966465
2023-12-31,0,0.3820071039173172
2024-01-01,0,0.3056056831338538
2024-01-02,0,0.24448454650708304
2024-01-03,1,0.3955876372056665
2024-01-04,-1,0.1164701097645332
2024-01-05,-1,-0.10682391218837345
2024-01-06,0,-0.08545912975069876
2024-01-07,0,-0.06836730380055901
2024-01-08,1,0.1453061569595528
2024-01-09,0,0.11624492556764224
2024-01-10,0,0.0929959404541138
2024-01-11,1,0.2743967523632911
2024-01-12,1,0.4195174018906329
2024-01-13,1,0.5356139215125064
2024-01-14,1,0.6284911372100052
2024-01-15,1,0.7027929097680041
2024-01-16,1,0.7622343278144033
2024-01-17,1,0.8097874622515226
2024-01-18,0,0.6478299698012182
2024-01-19,0,0.5182639758409746
2024-01-20,0,0.4146111806727797
2024-01-21,0,0.3316889445382238
2024-01-22,0,0.26535115563057904
2024-01-23,1,0.41228092450446324
2024-01-24,1,0.5298247396035707
2024-01-25,1,0.6238597916828565
2024-01-26,1,0.6990878333462853
2024-01-27,1,0.7592702666770283
2024-01-28,1,0.8074162133416227
2024-01-29,1,0.8459329706732983
2024-01-30,0,0.6767463765386387
2024-01-31,1,0.7413971012309111
2024-02-01,1,0.7931176809847289
2024-02-02,1,0.8344941447877832
2024-02-03,1,0.8675953158302265
2024-02-04,1,0.8940762526641812
2024-02-05,0,0.715261002131345
2024-02-06,1,0.7722088017050761
2024-02-07,0,0.6177670413640609
2024-02-08,0,0.49421363309124877
2024-02-09,1,0.5953709064729991
2024-02-10,0,0.47629672517839927
2024-02-11,0,0.38103738014271943
2024-02-12,1,0.5048299041141755
2024-02-13,1,0.6038639232913404
2024-02-14,1,0.6830911386330724
2024-02-15,0,0.5464729109064579
2024-02-16,-1,0.2371783287251663
2024-02-17,0,0.18974266298013306
2024-02-18,0,0.15179413038410647
2024-02-19,0,0.12143530430728518
2024-02-20,1,0.29714824344582813
2024-02-21,0,0.23771859475666252
2024-02-22,-1,-0.009825124194669993
2024-02-23,0,-0.007860099355735995
2024-02-24,0,-0.006288079484588796
2024-02-25,0,-0.0050304635876710375
2024-02-26,1,0.1959756291298632
2024-02-27,0,0.15678050330389057
2024-02-28,1,0.32542440264311245
2024-02-29,0,0.26033952211448996
2024-03-01,1,0.408271617691592
2024-03-02,0,0.3266172941532736
2024-03-03,0,0.2612938353226189
2024-03-04,0,0.20903506825809515
2024-03-05,1,0.3672280546064761
2024-03-06,0,0.2937824436851809
2024-03-07,0,0.23502595494814474
2024-03-08,0,0.1880207639585158
2024-03-09,0,0.15041661116681265
2024-03-10,0,0.12033328893345013
2024-03-11,0,0.09626663114676011
2024-03-12,1,0.2770133049174081
2024-03-13,0,0.2216106439339265
2024-03-14,0,0.1772885151471412
2024-03-15,0,0.14183081211771295
2024-03-16,0,0.11346464969417036
2024-03-17,0,0.0907717197553363
2024-03-18,-1,-0.127382624195731
2024-03-19,0,-0.10190609935658479
2024-03-20,1,0.11847512051473218
2024-03-21,0,0.09478009641178575
2024-03-22,1,0.27582407712942864
2024-03-23,0,0.2206592617035429
2024-03-24,0,0.17652740936283434
2024-03-25,0,0.1412219274902675
2024-03-26,0,0.11297754199221399
2024-03-27,0,0.0903820335937712
2024-03-28,0,0.07230562687501696
2024-03-29,0,0.05784450150001357
2024-03-30,0,0.04627560120001086
2024-03-31,0,0.03702048096000869
2024-04-01,-1,-0.17038361523199305
2024-04-02,0,-0.13630689218559444
2024-04-03,0,-0.10904551374847556
2024-04-04,0,-0.08723641099878045
2024-04-05,-1,-0.2697891287990244
2024-04-06,0,-0.21583130303921952
2024-04-07,0,-0.17266504243137562
2024-04-08,-1,-0.3381320339451005
2024-04-09,0,-0.2705056271560804
2024-04-10,0,-0.21640450172486433
2024-04-11,-1,-0.3731236013798915
2024-04-12,0,-0.2984988811039132
2024-04-13,-1,-0.43879910488313056
2024-04-14,-1,-0.5510392839065045
2024-04-15,-1,-0.6408314271252036
2024-04-16,-1,-0.7126651417001628
2024-04-17,1,-0.37013211336013024
2024-04-18,-1,-0.49610569068810423
2024-04-19,-1,-0.5968845525504833
2024-04-20,-1,-0.6775076420403867
2024-04-21,-1,-0.7420061136323095
2024-04-22,0,-0.5936048909058477
2024-04-23,0,-0.47488391272467817
2024-04-24,-1,-0.5799071301797425
2024-04-25,-1,-0.663925704143794
2024-04-26,-1,-0.7311405633150352
2024-04-27,-1,-0.7849124506520282
2024-04-28,-1,-0.8279299605216226
2024-04-29,-1,-0.8623439684172982
2024-04-30,0,-0.6898751747338386
2024-05-01,0,-0.551900139787071
2024-05-02,0,-0.4415201118296568
2024-05-03,0,-0.35321608946372546
2024-05-04,-1,-0.4825728715709804
2024-05-05,-1,-0.5860582972567843
2024-05-06,-1,-0.6688466378054274
2024-05-07,-1,-0.735077310244342
2024-05-08,-1,-0.7880618481954735
2024-05-09,0,-0.6304494785563789
2024-05-10,-1,-0.7043595828451032
2024-05-11,-1,-0.7634876662760826
2024-05-12,-1,-0.810790133020866
2024-05-13,1,-0.4486321064166929
2024-05-14,0,-0.3589056851333543
2024-05-15,1,-0.08712454810668346
2024-05-16,0,-0.06969963848534677
2024-05-17,-1,-0.2557597107882774
2024-05-18,-1,-0.404607768630622
2024-05-19,-1,-0.5236862149044976
2024-05-20,-1,-0.6189489719235981
2024-05-21,1,-0.2951591775388785
2024-05-22,0,-0.2361273420311028
2024-05-23,0,-0.18890187362488225
2024-05-24,-1,-0.35112149889990585
2024-05-25,-1,-0.4808971991199247
2024-05-26,-1,-0.5847177592959398
2024-05-27,-1,-0.6677742074367519
2024-05-28,-1,-0.7342193659494016
2024-05-29,0,-0.5873754927595213
2024-05-30,0,-0.46990039420761703
2024-05-31,1,-0.17592031536609365
2024-06-01,-1,-0.34073625229287496
2024-06-02,-1,-0.47258900183429997
2024-06-03,1,-0.17807120146744
2024-06-04,1,0.057543038826048026
2024-06-05,0,0.046034431060838425
2024-06-06,-1,-0.16317245515132928
2024-06-07,0,-0.13053796412106342
2024-06-08,-1,-0.30443037129685074
2024-06-09,0,-0.2435442970374806
2024-06-10,0,-0.19483543762998448
2024-06-11,1,0.044131649896012426
2024-06-12,0,0.03530531991680994
2024-06-13,1,0.22824425593344796
2024-06-14,0,0.1825954047467584
2024-06-15,0,0.14607632379740673
2024-06-16,0,0.11686105903792539
2024-06-17,0,0.09348884723034032
2024-06-18,1,0.27479107778427225
2024-06-19,0,0.21983286222741782
2024-06-20,0,0.17586628978193428
2024-06-21,0,0.14069303182554743
2024-06-22,0,0.11255442546043795
2024-06-23,0,0.09004354036835037
2024-06-24,-1,-0.1279651677053197
2024-06-25,1,0.09762786583574423
2024-06-26,0,0.07810229266859539
2024-06-27,0,0.06248183413487632
2024-06-28,0,0.04998546730790106
2024-06-29,0,0.03998837384632085
2024-06-30,0,0.03199069907705668
2024-07-01,0,0.025592559261645345
2024-07-02,0,0.020474047409316277
2024-07-03,0,0.016379237927453022
2024-07-04,-1,-0.1868966096580376
2024-07-05,1,0.05048271227356993
2024-07-06,0,0.04038616981885595
2024-07-07,0,0.03230893585508476
2024-07-08,1,0.22584714868406783
2024-07-09,-1,-0.01932228105274575
2024-07-10,0,-0.0154578248421966
2024-07-11,1,0.18763374012624273
2024-07-12,0,0.1501069921009942
2024-07-13,0,0.12008559368079537
2024-07-14,0,0.0960684749446363
2024-07-15,0,0.07685477995570905
2024-07-16,1,0.26148382396456726
2024-07-17,0,0.2091870591716538
2024-07-18,0,0.16734964733732305
2024-07-19,0,0.13387971786985844
2024-07-20,0,0.10710377429588676
2024-07-21,0,0.08568301943670942
2024-07-22,0,0.06854641554936754
2024-07-23,0,0.054837132439494035
2024-07-24,0,0.04386970595159523
2024-07-25,1,0.2350957647612762
2024-07-26,1,0.388076611809021
2024-07-27,0,0.3104612894472168
2024-07-28,0,0.24836903155777346
2024-07-29,0,0.19869522524621877
2024-07-30,0,0.15895618019697502
2024-07-31,1,0.32716494415758
2024-08-01,1,0.46173195532606404
2024-08-02,1,0.5693855642608512
2024-08-03,1,0.655508451408681
2024-08-04,1,0.7244067611269449
2024-08-05,1,0.779525408901556
2024-08-06,1,0.8236203271212448
2024-08-07,0,0.6588962616969959
2024-08-08,0,0.5271170093575968
2024-08-09,1,0.6216936074860775
2024-08-10,1,0.6973548859888621
2024-08-11,1,0.7578839087910898
2024-08-12,1,0.8063071270328719
2024-08-13,1,0.8450457016262976
2024-08-14,1,0.8760365613010381
2024-08-15,-1,0.5008292490408306
2024-08-16,0,0.4006633992326645
2024-08-17,1,0.5205307193861316
2024-08-18,1,0.6164245755089053
2024-08-19,1,0.6931396604071243
2024-08-20,1,0.7545117283256995
2024-08-21,1,0.8036093826605597
2024-08-22,1,0.8428875061284478
2024-08-23,1,0.8743100049027583
2024-08-24,1,0.8994480039222068
2024-08-25,1,0.9195584031377655
2024-08-26,1,0.9356467225102125
2024-08-27,1,0.9485173780081702
2024-08-28,1,0.9588139024065361
2024-08-29,1,0.9670511219252289
2024-08-30,1,0.9736408975401831
2024-08-31,1,0.9789127180321466
2024-09-01,1,0.9831301744257173
2024-09-02,1,0.9865041395405738
2024-09-03,1,0.989203311632459
2024-09-04,1,0.9913626493059673
2024-09-05,1,0.9930901194447739
2024-09-06,1,0.9944720955558191
2024-09-07,1,0.9955776764446553
2024-09-08,1,0.9964621411557244
2024-09-09,1,0.9971697129245796
2024-09-10,1,0.9977357703396637
2024-09-11,1,0.998188616271731
2024-09-12,1,0.998550893017385
2024-09-13,1,0.998840714413908
2024-09-14,1,0.9990725715311264
2024-09-15,1,0.9992580572249012
2024-09-16,1,0.999406445779921
2024-09-17,1,0.9995251566239369
2024-09-18,1,0.9996201252991497
2024-09-19,1,0.9996961002393199
2024-09-20,1,0.999756880191456
2024-09-21,1,0.9998055041531648
2024-09-22,1,0.999844403322532
2024-09-23,1,0.9998755226580256
2024-09-24,1,0.9999004181264206
2024-09-25,1,0.9999203345011365
2024-09-26,1,0.9999362676009091
2024-09-27,1,0.9999490140807274
2024-09-28,1,0.9999592112645821
2024-09-29,1,0.9999673690116657
2024-09-30,1,0.9999738952093327
2024-10-01,1,0.9999791161674663
2024-10-02,1,0.9999832929339731
2024-10-03,1,0.9999866343471786
2024-10-04,0,0.7999893074777429
2024-10-05,1,0.8399914459821944
2024-10-06,1,0.8719931567857555
2024-10-07,1,0.8975945254286044
2024-10-08,1,0.9180756203428835
2024-10-09,1,0.9344604962743068
2024-10-10,1,0.9475683970194455
2024-10-11,1,0.9580547176155565
2024-10-12,1,0.9664437740924452
2024-10-13,1,0.9731550192739562
2024-10-14,1,0.978524015419165
2024-10-15,1,0.9828192123353321
2024-10-16,1,0.9862553698682657
2024-10-17,0,0.7890042958946126
2024-10-18,1,0.8312034367156902
2024-10-19,1,0.8649627493725522
2024-10-20,1,0.8919701994980418
2024-10-21,-1,0.5135761595984334
2024-10-22,0,0.4108609276787467
2024-10-23,0,0.32868874214299737
2024-10-24,1,0.4629509937143979
2024-10-25,-1,0.17036079497151835
2024-10-26,0,0.1362886359772147
2024-10-27,0,0.10903090878177175
2024-10-28,0,0.0872247270254174
2024-10-29,0,0.06977978162033392
2024-10-30,0,0.05582382529626714
2024-10-31,1,0.24465906023701373
2024-11-01,1,0.395727248189611
2024-11-02,0,0.31658179855168883
2024-11-03,0,0.25326543884135105
2024-11-04,0,0.20261235107308084
2024-11-05,0,0.16208988085846468
2024-11-06,1,0.32967190468677177
2024-11-07,1,0.46373752374941746
2024-11-08,1,0.570990018999534
2024-11-09,0,0.45679201519962725
2024-11-10,0,0.3654336121597018
2024-11-11,1,0.49234688972776147
2024-11-12,0,0.3938775117822092
2024-11-13,1,0.5151020094257674
2024-11-14,0,0.41208160754061396
2024-11-15,0,0.3296652860324912
2024-11-16,1,0.46373222882599296
2024-11-17,1,0.5709857830607944
2024-11-18,1,0.6567886264486356
2024-11-19,1,0.7254309011589084
2024-11-20,0,0.5803447209271267
2024-11-21,0,0.4642757767417014
2024-11-22,0,0.37142062139336113
2024-11-23,0,0.2971364971146889
2024-11-24,0,0.23770919769175114
2024-11-25,1,0.3901673581534009
2024-11-26,0,0.3121338865227208
2024-11-27,0,0.24970710921817663
2024-11-28,0,0.1997656873745413
2024-11-29,1,0.35981254989963307
2024-11-30,0,0.2878500399197065
2024-12-01,1,0.4302800319357652
2024-12-02,1,0.5442240255486122
2024-12-03,0,0.43537922043888977
2024-12-04,1,0.5483033763511118
2024-12-05,1,0.6386427010808895
2024-12-06,0,0.5109141608647116
2024-12-07,1,0.6087313286917693
2024-12-08,0,0.4869850629534154
2024-12-09,0,0.38958805036273236
2024-12-10,0,0.3116704402901859
2024-12-11,0,0.24933635223214876
2024-12-12,0,0.199469081785719
2024-12-13,0,0.15957526542857522
2024-12-14,0,0.12766021234286018
2024-12-15,0,0.10212816987428815
2024-12-16,0,0.08170253589943052
2024-12-17,0,0.06536202871954443
2024-12-18,-1,-0.14771037702436446
2024-12-19,0,-0.11816830161949157
2024-12-20,0,-0.09453464129559326
2024-12-21,0,-0.07562771303647461
2024-12-22,0,-0.06050217042917969
2024-12-23,0,-0.04840173634334376
2024-12-24,0,-0.03872138907467501
2024-12-25,0,-0.03097711125974001
2024-12-26,-1,-0.22478168900779202
2024-12-27,0,-0.17982535120623364
2024-12-28,-1,-0.3438602809649869
2024-12-29,-1,-0.47508822477198953
2024-12-30,1,-0.18007057981759161
2024-12-31,0,-0.1440564638540733
