Date,PCE
2011-01-01,10514.3
2011-01-02,10514.3
2011-01-03,10514.3
2011-01-04,10514.3
2011-01-05,10514.3
2011-01-06,10514.3
2011-01-07,10514.3
2011-01-08,10514.3
2011-01-09,10514.3
2011-01-10,10514.3
2011-01-11,10514.3
2011-01-12,10514.3
2011-01-13,10514.3
2011-01-14,10514.3
2011-01-15,10514.3
2011-01-16,10514.3
2011-01-17,10514.3
2011-01-18,10514.3
2011-01-19,10514.3
2011-01-20,10514.3
2011-01-21,10514.3
2011-01-22,10514.3
2011-01-23,10514.3
2011-01-24,10514.3
2011-01-25,10514.3
2011-01-26,10514.3
2011-01-27,10514.3
2011-01-28,10514.3
2011-01-29,10514.3
2011-01-30,10514.3
2011-01-31,10514.3
2011-02-01,10540.6
2011-02-02,10540.6
2011-02-03,10540.6
2011-02-04,10540.6
2011-02-05,10540.6
2011-02-06,10540.6
2011-02-07,10540.6
2011-02-08,10540.6
2011-02-09,10540.6
2011-02-10,10540.6
2011-02-11,10540.6
2011-02-12,10540.6
2011-02-13,10540.6
2011-02-14,10540.6
2011-02-15,10540.6
2011-02-16,10540.6
2011-02-17,10540.6
2011-02-18,10540.6
2011-02-19,10540.6
2011-02-20,10540.6
2011-02-21,10540.6
2011-02-22,10540.6
2011-02-23,10540.6
2011-02-24,10540.6
2011-02-25,10540.6
2011-02-26,10540.6
2011-02-27,10540.6
2011-02-28,10540.6
2011-03-01,10619.7
2011-03-02,10619.7
2011-03-03,10619.7
2011-03-04,10619.7
2011-03-05,10619.7
2011-03-06,10619.7
2011-03-07,10619.7
2011-03-08,10619.7
2011-03-09,10619.7
2011-03-10,10619.7
2011-03-11,10619.7
2011-03-12,10619.7
2011-03-13,10619.7
2011-03-14,10619.7
2011-03-15,10619.7
2011-03-16,10619.7
2011-03-17,10619.7
2011-03-18,10619.7
2011-03-19,10619.7
2011-03-20,10619.7
2011-03-21,10619.7
2011-03-22,10619.7
2011-03-23,10619.7
2011-03-24,10619.7
2011-03-25,10619.7
2011-03-26,10619.7
2011-03-27,10619.7
2011-03-28,10619.7
2011-03-29,10619.7
2011-03-30,10619.7
2011-03-31,10619.7
2011-04-01,10652.1
2011-04-02,10652.1
2011-04-03,10652.1
2011-04-04,10652.1
2011-04-05,10652.1
2011-04-06,10652.1
2011-04-07,10652.1
2011-04-08,10652.1
2011-04-09,10652.1
2011-04-10,10652.1
2011-04-11,10652.1
2011-04-12,10652.1
2011-04-13,10652.1
2011-04-14,10652.1
2011-04-15,10652.1
2011-04-16,10652.1
2011-04-17,10652.1
2011-04-18,10652.1
2011-04-19,10652.1
2011-04-20,10652.1
2011-04-21,10652.1
2011-04-22,10652.1
2011-04-23,10652.1
2011-04-24,10652.1
2011-04-25,10652.1
2011-04-26,10652.1
2011-04-27,10652.1
2011-04-28,10652.1
2011-04-29,10652.1
2011-04-30,10652.1
2011-05-01,10672.2
2011-05-02,10672.2
2011-05-03,10672.2
2011-05-04,10672.2
2011-05-05,10672.2
2011-05-06,10672.2
2011-05-07,10672.2
2011-05-08,10672.2
2011-05-09,10672.2
2011-05-10,10672.2
2011-05-11,10672.2
2011-05-12,10672.2
2011-05-13,10672.2
2011-05-14,10672.2
2011-05-15,10672.2
2011-05-16,10672.2
2011-05-17,10672.2
2011-05-18,10672.2
2011-05-19,10672.2
2011-05-20,10672.2
2011-05-21,10672.2
2011-05-22,10672.2
2011-05-23,10672.2
2011-05-24,10672.2
2011-05-25,10672.2
2011-05-26,10672.2
2011-05-27,10672.2
2011-05-28,10672.2
2011-05-29,10672.2
2011-05-30,10672.2
2011-05-31,10672.2
2011-06-01,10694.8
2011-06-02,10694.8
2011-06-03,10694.8
2011-06-04,10694.8
2011-06-05,10694.8
2011-06-06,10694.8
2011-06-07,10694.8
2011-06-08,10694.8
2011-06-09,10694.8
2011-06-10,10694.8
2011-06-11,10694.8
2011-06-12,10694.8
2011-06-13,10694.8
2011-06-14,10694.8
2011-06-15,10694.8
2011-06-16,10694.8
2011-06-17,10694.8
2011-06-18,10694.8
2011-06-19,10694.8
2011-06-20,10694.8
2011-06-21,10694.8
2011-06-22,10694.8
2011-06-23,10694.8
2011-06-24,10694.8
2011-06-25,10694.8
2011-06-26,10694.8
2011-06-27,10694.8
2011-06-28,10694.8
2011-06-29,10694.8
2011-06-30,10694.8
2011-07-01,10731.6
2011-07-02,10731.6
2011-07-03,10731.6
2011-07-04,10731.6
2011-07-05,10731.6
2011-07-06,10731.6
2011-07-07,10731.6
2011-07-08,10731.6
2011-07-09,10731.6
2011-07-10,10731.6
2011-07-11,10731.6
2011-07-12,10731.6
2011-07-13,10731.6
2011-07-14,10731.6
2011-07-15,10731.6
2011-07-16,10731.6
2011-07-17,10731.6
2011-07-18,10731.6
2011-07-19,10731.6
2011-07-20,10731.6
2011-07-21,10731.6
2011-07-22,10731.6
2011-07-23,10731.6
2011-07-24,10731.6
2011-07-25,10731.6
2011-07-26,10731.6
2011-07-27,10731.6
2011-07-28,10731.6
2011-07-29,10731.6
2011-07-30,10731.6
2011-07-31,10731.6
2011-08-01,10750.3
2011-08-02,10750.3
2011-08-03,10750.3
2011-08-04,10750.3
2011-08-05,10750.3
2011-08-06,10750.3
2011-08-07,10750.3
2011-08-08,10750.3
2011-08-09,10750.3
2011-08-10,10750.3
2011-08-11,10750.3
2011-08-12,10750.3
2011-08-13,10750.3
2011-08-14,10750.3
2011-08-15,10750.3
2011-08-16,10750.3
2011-08-17,10750.3
2011-08-18,10750.3
2011-08-19,10750.3
2011-08-20,10750.3
2011-08-21,10750.3
2011-08-22,10750.3
2011-08-23,10750.3
2011-08-24,10750.3
2011-08-25,10750.3
2011-08-26,10750.3
2011-08-27,10750.3
2011-08-28,10750.3
2011-08-29,10750.3
2011-08-30,10750.3
2011-08-31,10750.3
2011-09-01,10783.2
2011-09-02,10783.2
2011-09-03,10783.2
2011-09-04,10783.2
2011-09-05,10783.2
2011-09-06,10783.2
2011-09-07,10783.2
2011-09-08,10783.2
2011-09-09,10783.2
2011-09-10,10783.2
2011-09-11,10783.2
2011-09-12,10783.2
2011-09-13,10783.2
2011-09-14,10783.2
2011-09-15,10783.2
2011-09-16,10783.2
2011-09-17,10783.2
2011-09-18,10783.2
2011-09-19,10783.2
2011-09-20,10783.2
2011-09-21,10783.2
2011-09-22,10783.2
2011-09-23,10783.2
2011-09-24,10783.2
2011-09-25,10783.2
2011-09-26,10783.2
2011-09-27,10783.2
2011-09-28,10783.2
2011-09-29,10783.2
2011-09-30,10783.2
2011-10-01,10802.9
2011-10-02,10802.9
2011-10-03,10802.9
2011-10-04,10802.9
2011-10-05,10802.9
2011-10-06,10802.9
2011-10-07,10802.9
2011-10-08,10802.9
2011-10-09,10802.9
2011-10-10,10802.9
2011-10-11,10802.9
2011-10-12,10802.9
2011-10-13,10802.9
2011-10-14,10802.9
2011-10-15,10802.9
2011-10-16,10802.9
2011-10-17,10802.9
2011-10-18,10802.9
2011-10-19,10802.9
2011-10-20,10802.9
2011-10-21,10802.9
2011-10-22,10802.9
2011-10-23,10802.9
2011-10-24,10802.9
2011-10-25,10802.9
2011-10-26,10802.9
2011-10-27,10802.9
2011-10-28,10802.9
2011-10-29,10802.9
2011-10-30,10802.9
2011-10-31,10802.9
2011-11-01,10806.8
2011-11-02,10806.8
2011-11-03,10806.8
2011-11-04,10806.8
2011-11-05,10806.8
2011-11-06,10806.8
2011-11-07,10806.8
2011-11-08,10806.8
2011-11-09,10806.8
2011-11-10,10806.8
2011-11-11,10806.8
2011-11-12,10806.8
2011-11-13,10806.8
2011-11-14,10806.8
2011-11-15,10806.8
2011-11-16,10806.8
2011-11-17,10806.8
2011-11-18,10806.8
2011-11-19,10806.8
2011-11-20,10806.8
2011-11-21,10806.8
2011-11-22,10806.8
2011-11-23,10806.8
2011-11-24,10806.8
2011-11-25,10806.8
2011-11-26,10806.8
2011-11-27,10806.8
2011-11-28,10806.8
2011-11-29,10806.8
2011-11-30,10806.8
2011-12-01,10817.8
2011-12-02,10817.8
2011-12-03,10817.8
2011-12-04,10817.8
2011-12-05,10817.8
2011-12-06,10817.8
2011-12-07,10817.8
2011-12-08,10817.8
2011-12-09,10817.8
2011-12-10,10817.8
2011-12-11,10817.8
2011-12-12,10817.8
2011-12-13,10817.8
2011-12-14,10817.8
2011-12-15,10817.8
2011-12-16,10817.8
2011-12-17,10817.8
2011-12-18,10817.8
2011-12-19,10817.8
2011-12-20,10817.8
2011-12-21,10817.8
2011-12-22,10817.8
2011-12-23,10817.8
2011-12-24,10817.8
2011-12-25,10817.8
2011-12-26,10817.8
2011-12-27,10817.8
2011-12-28,10817.8
2011-12-29,10817.8
2011-12-30,10817.8
2011-12-31,10817.8
2012-01-01,10896.8
2012-01-02,10896.8
2012-01-03,10896.8
2012-01-04,10896.8
2012-01-05,10896.8
2012-01-06,10896.8
2012-01-07,10896.8
2012-01-08,10896.8
2012-01-09,10896.8
2012-01-10,10896.8
2012-01-11,10896.8
2012-01-12,10896.8
2012-01-13,10896.8
2012-01-14,10896.8
2012-01-15,10896.8
2012-01-16,10896.8
2012-01-17,10896.8
2012-01-18,10896.8
2012-01-19,10896.8
2012-01-20,10896.8
2012-01-21,10896.8
2012-01-22,10896.8
2012-01-23,10896.8
2012-01-24,10896.8
2012-01-25,10896.8
2012-01-26,10896.8
2012-01-27,10896.8
2012-01-28,10896.8
2012-01-29,10896.8
2012-01-30,10896.8
2012-01-31,10896.8
2012-02-01,10987.2
2012-02-02,10987.2
2012-02-03,10987.2
2012-02-04,10987.2
2012-02-05,10987.2
2012-02-06,10987.2
2012-02-07,10987.2
2012-02-08,10987.2
2012-02-09,10987.2
2012-02-10,10987.2
2012-02-11,10987.2
2012-02-12,10987.2
2012-02-13,10987.2
2012-02-14,10987.2
2012-02-15,10987.2
2012-02-16,10987.2
2012-02-17,10987.2
2012-02-18,10987.2
2012-02-19,10987.2
2012-02-20,10987.2
2012-02-21,10987.2
2012-02-22,10987.2
2012-02-23,10987.2
2012-02-24,10987.2
2012-02-25,10987.2
2012-02-26,10987.2
2012-02-27,10987.2
2012-02-28,10987.2
2012-02-29,10987.2
2012-03-01,10993.9
2012-03-02,10993.9
2012-03-03,10993.9
2012-03-04,10993.9
2012-03-05,10993.9
2012-03-06,10993.9
2012-03-07,10993.9
2012-03-08,10993.9
2012-03-09,10993.9
2012-03-10,10993.9
2012-03-11,10993.9
2012-03-12,10993.9
2012-03-13,10993.9
2012-03-14,10993.9
2012-03-15,10993.9
2012-03-16,10993.9
2012-03-17,10993.9
2012-03-18,10993.9
2012-03-19,10993.9
2012-03-20,10993.9
2012-03-21,10993.9
2012-03-22,10993.9
2012-03-23,10993.9
2012-03-24,10993.9
2012-03-25,10993.9
2012-03-26,10993.9
2012-03-27,10993.9
2012-03-28,10993.9
2012-03-29,10993.9
2012-03-30,10993.9
2012-03-31,10993.9
2012-04-01,11018.5
2012-04-02,11018.5
2012-04-03,11018.5
2012-04-04,11018.5
2012-04-05,11018.5
2012-04-06,11018.5
2012-04-07,11018.5
2012-04-08,11018.5
2012-04-09,11018.5
2012-04-10,11018.5
2012-04-11,11018.5
2012-04-12,11018.5
2012-04-13,11018.5
2012-04-14,11018.5
2012-04-15,11018.5
2012-04-16,11018.5
2012-04-17,11018.5
2012-04-18,11018.5
2012-04-19,11018.5
2012-04-20,11018.5
2012-04-21,11018.5
2012-04-22,11018.5
2012-04-23,11018.5
2012-04-24,11018.5
2012-04-25,11018.5
2012-04-26,11018.5
2012-04-27,11018.5
2012-04-28,11018.5
2012-04-29,11018.5
2012-04-30,11018.5
2012-05-01,11006.8
2012-05-02,11006.8
2012-05-03,11006.8
2012-05-04,11006.8
2012-05-05,11006.8
2012-05-06,11006.8
2012-05-07,11006.8
2012-05-08,11006.8
2012-05-09,11006.8
2012-05-10,11006.8
2012-05-11,11006.8
2012-05-12,11006.8
2012-05-13,11006.8
2012-05-14,11006.8
2012-05-15,11006.8
2012-05-16,11006.8
2012-05-17,11006.8
2012-05-18,11006.8
2012-05-19,11006.8
2012-05-20,11006.8
2012-05-21,11006.8
2012-05-22,11006.8
2012-05-23,11006.8
2012-05-24,11006.8
2012-05-25,11006.8
2012-05-26,11006.8
2012-05-27,11006.8
2012-05-28,11006.8
2012-05-29,11006.8
2012-05-30,11006.8
2012-05-31,11006.8
2012-06-01,10989.8
2012-06-02,10989.8
2012-06-03,10989.8
2012-06-04,10989.8
2012-06-05,10989.8
2012-06-06,10989.8
2012-06-07,10989.8
2012-06-08,10989.8
2012-06-09,10989.8
2012-06-10,10989.8
2012-06-11,10989.8
2012-06-12,10989.8
2012-06-13,10989.8
2012-06-14,10989.8
2012-06-15,10989.8
2012-06-16,10989.8
2012-06-17,10989.8
2012-06-18,10989.8
2012-06-19,10989.8
2012-06-20,10989.8
2012-06-21,10989.8
2012-06-22,10989.8
2012-06-23,10989.8
2012-06-24,10989.8
2012-06-25,10989.8
2012-06-26,10989.8
2012-06-27,10989.8
2012-06-28,10989.8
2012-06-29,10989.8
2012-06-30,10989.8
2012-07-01,11016.8
2012-07-02,11016.8
2012-07-03,11016.8
2012-07-04,11016.8
2012-07-05,11016.8
2012-07-06,11016.8
2012-07-07,11016.8
2012-07-08,11016.8
2012-07-09,11016.8
2012-07-10,11016.8
2012-07-11,11016.8
2012-07-12,11016.8
2012-07-13,11016.8
2012-07-14,11016.8
2012-07-15,11016.8
2012-07-16,11016.8
2012-07-17,11016.8
2012-07-18,11016.8
2012-07-19,11016.8
2012-07-20,11016.8
2012-07-21,11016.8
2012-07-22,11016.8
2012-07-23,11016.8
2012-07-24,11016.8
2012-07-25,11016.8
2012-07-26,11016.8
2012-07-27,11016.8
2012-07-28,11016.8
2012-07-29,11016.8
2012-07-30,11016.8
2012-07-31,11016.8
2012-08-01,11056.0
2012-08-02,11056.0
2012-08-03,11056.0
2012-08-04,11056.0
2012-08-05,11056.0
2012-08-06,11056.0
2012-08-07,11056.0
2012-08-08,11056.0
2012-08-09,11056.0
2012-08-10,11056.0
2012-08-11,11056.0
2012-08-12,11056.0
2012-08-13,11056.0
2012-08-14,11056.0
2012-08-15,11056.0
2012-08-16,11056.0
2012-08-17,11056.0
2012-08-18,11056.0
2012-08-19,11056.0
2012-08-20,11056.0
2012-08-21,11056.0
2012-08-22,11056.0
2012-08-23,11056.0
2012-08-24,11056.0
2012-08-25,11056.0
2012-08-26,11056.0
2012-08-27,11056.0
2012-08-28,11056.0
2012-08-29,11056.0
2012-08-30,11056.0
2012-08-31,11056.0
2012-09-01,11105.3
2012-09-02,11105.3
2012-09-03,11105.3
2012-09-04,11105.3
2012-09-05,11105.3
2012-09-06,11105.3
2012-09-07,11105.3
2012-09-08,11105.3
2012-09-09,11105.3
2012-09-10,11105.3
2012-09-11,11105.3
2012-09-12,11105.3
2012-09-13,11105.3
2012-09-14,11105.3
2012-09-15,11105.3
2012-09-16,11105.3
2012-09-17,11105.3
2012-09-18,11105.3
2012-09-19,11105.3
2012-09-20,11105.3
2012-09-21,11105.3
2012-09-22,11105.3
2012-09-23,11105.3
2012-09-24,11105.3
2012-09-25,11105.3
2012-09-26,11105.3
2012-09-27,11105.3
2012-09-28,11105.3
2012-09-29,11105.3
2012-09-30,11105.3
2012-10-01,11137.4
2012-10-02,11137.4
2012-10-03,11137.4
2012-10-04,11137.4
2012-10-05,11137.4
2012-10-06,11137.4
2012-10-07,11137.4
2012-10-08,11137.4
2012-10-09,11137.4
2012-10-10,11137.4
2012-10-11,11137.4
2012-10-12,11137.4
2012-10-13,11137.4
2012-10-14,11137.4
2012-10-15,11137.4
2012-10-16,11137.4
2012-10-17,11137.4
2012-10-18,11137.4
2012-10-19,11137.4
2012-10-20,11137.4
2012-10-21,11137.4
2012-10-22,11137.4
2012-10-23,11137.4
2012-10-24,11137.4
2012-10-25,11137.4
2012-10-26,11137.4
2012-10-27,11137.4
2012-10-28,11137.4
2012-10-29,11137.4
2012-10-30,11137.4
2012-10-31,11137.4
2012-11-01,11178.4
2012-11-02,11178.4
2012-11-03,11178.4
2012-11-04,11178.4
2012-11-05,11178.4
2012-11-06,11178.4
2012-11-07,11178.4
2012-11-08,11178.4
2012-11-09,11178.4
2012-11-10,11178.4
2012-11-11,11178.4
2012-11-12,11178.4
2012-11-13,11178.4
2012-11-14,11178.4
2012-11-15,11178.4
2012-11-16,11178.4
2012-11-17,11178.4
2012-11-18,11178.4
2012-11-19,11178.4
2012-11-20,11178.4
2012-11-21,11178.4
2012-11-22,11178.4
2012-11-23,11178.4
2012-11-24,11178.4
2012-11-25,11178.4
2012-11-26,11178.4
2012-11-27,11178.4
2012-11-28,11178.4
2012-11-29,11178.4
2012-11-30,11178.4
2012-12-01,11181.2
2012-12-02,11181.2
2012-12-03,11181.2
2012-12-04,11181.2
2012-12-05,11181.2
2012-12-06,11181.2
2012-12-07,11181.2
2012-12-08,11181.2
2012-12-09,11181.2
2012-12-10,11181.2
2012-12-11,11181.2
2012-12-12,11181.2
2012-12-13,11181.2
2012-12-14,11181.2
2012-12-15,11181.2
2012-12-16,11181.2
2012-12-17,11181.2
2012-12-18,11181.2
2012-12-19,11181.2
2012-12-20,11181.2
2012-12-21,11181.2
2012-12-22,11181.2
2012-12-23,11181.2
2012-12-24,11181.2
2012-12-25,11181.2
2012-12-26,11181.2
2012-12-27,11181.2
2012-12-28,11181.2
2012-12-29,11181.2
2012-12-30,11181.2
2012-12-31,11181.2
2013-01-01,11252.4
2013-01-02,11252.4
2013-01-03,11252.4
2013-01-04,11252.4
2013-01-05,11252.4
2013-01-06,11252.4
2013-01-07,11252.4
2013-01-08,11252.4
2013-01-09,11252.4
2013-01-10,11252.4
2013-01-11,11252.4
2013-01-12,11252.4
2013-01-13,11252.4
2013-01-14,11252.4
2013-01-15,11252.4
2013-01-16,11252.4
2013-01-17,11252.4
2013-01-18,11252.4
2013-01-19,11252.4
2013-01-20,11252.4
2013-01-21,11252.4
2013-01-22,11252.4
2013-01-23,11252.4
2013-01-24,11252.4
2013-01-25,11252.4
2013-01-26,11252.4
2013-01-27,11252.4
2013-01-28,11252.4
2013-01-29,11252.4
2013-01-30,11252.4
2013-01-31,11252.4
2013-02-01,11290.5
2013-02-02,11290.5
2013-02-03,11290.5
2013-02-04,11290.5
2013-02-05,11290.5
2013-02-06,11290.5
2013-02-07,11290.5
2013-02-08,11290.5
2013-02-09,11290.5
2013-02-10,11290.5
2013-02-11,11290.5
2013-02-12,11290.5
2013-02-13,11290.5
2013-02-14,11290.5
2013-02-15,11290.5
2013-02-16,11290.5
2013-02-17,11290.5
2013-02-18,11290.5
2013-02-19,11290.5
2013-02-20,11290.5
2013-02-21,11290.5
2013-02-22,11290.5
2013-02-23,11290.5
2013-02-24,11290.5
2013-02-25,11290.5
2013-02-26,11290.5
2013-02-27,11290.5
2013-02-28,11290.5
2013-03-01,11290.1
2013-03-02,11290.1
2013-03-03,11290.1
2013-03-04,11290.1
2013-03-05,11290.1
2013-03-06,11290.1
2013-03-07,11290.1
2013-03-08,11290.1
2013-03-09,11290.1
2013-03-10,11290.1
2013-03-11,11290.1
2013-03-12,11290.1
2013-03-13,11290.1
2013-03-14,11290.1
2013-03-15,11290.1
2013-03-16,11290.1
2013-03-17,11290.1
2013-03-18,11290.1
2013-03-19,11290.1
2013-03-20,11290.1
2013-03-21,11290.1
2013-03-22,11290.1
2013-03-23,11290.1
2013-03-24,11290.1
2013-03-25,11290.1
2013-03-26,11290.1
2013-03-27,11290.1
2013-03-28,11290.1
2013-03-29,11290.1
2013-03-30,11290.1
2013-03-31,11290.1
2013-04-01,11281.1
2013-04-02,11281.1
2013-04-03,11281.1
2013-04-04,11281.1
2013-04-05,11281.1
2013-04-06,11281.1
2013-04-07,11281.1
2013-04-08,11281.1
2013-04-09,11281.1
2013-04-10,11281.1
2013-04-11,11281.1
2013-04-12,11281.1
2013-04-13,11281.1
2013-04-14,11281.1
2013-04-15,11281.1
2013-04-16,11281.1
2013-04-17,11281.1
2013-04-18,11281.1
2013-04-19,11281.1
2013-04-20,11281.1
2013-04-21,11281.1
2013-04-22,11281.1
2013-04-23,11281.1
2013-04-24,11281.1
2013-04-25,11281.1
2013-04-26,11281.1
2013-04-27,11281.1
2013-04-28,11281.1
2013-04-29,11281.1
2013-04-30,11281.1
2013-05-01,11321.6
2013-05-02,11321.6
2013-05-03,11321.6
2013-05-04,11321.6
2013-05-05,11321.6
2013-05-06,11321.6
2013-05-07,11321.6
2013-05-08,11321.6
2013-05-09,11321.6
2013-05-10,11321.6
2013-05-11,11321.6
2013-05-12,11321.6
2013-05-13,11321.6
2013-05-14,11321.6
2013-05-15,11321.6
2013-05-16,11321.6
2013-05-17,11321.6
2013-05-18,11321.6
2013-05-19,11321.6
2013-05-20,11321.6
2013-05-21,11321.6
2013-05-22,11321.6
2013-05-23,11321.6
2013-05-24,11321.6
2013-05-25,11321.6
2013-05-26,11321.6
2013-05-27,11321.6
2013-05-28,11321.6
2013-05-29,11321.6
2013-05-30,11321.6
2013-05-31,11321.6
2013-06-01,11344.4
2013-06-02,11344.4
2013-06-03,11344.4
2013-06-04,11344.4
2013-06-05,11344.4
2013-06-06,11344.4
2013-06-07,11344.4
2013-06-08,11344.4
2013-06-09,11344.4
2013-06-10,11344.4
2013-06-11,11344.4
2013-06-12,11344.4
2013-06-13,11344.4
2013-06-14,11344.4
2013-06-15,11344.4
2013-06-16,11344.4
2013-06-17,11344.4
2013-06-18,11344.4
2013-06-19,11344.4
2013-06-20,11344.4
2013-06-21,11344.4
2013-06-22,11344.4
2013-06-23,11344.4
2013-06-24,11344.4
2013-06-25,11344.4
2013-06-26,11344.4
2013-06-27,11344.4
2013-06-28,11344.4
2013-06-29,11344.4
2013-06-30,11344.4
2013-07-01,11372.6
2013-07-02,11372.6
2013-07-03,11372.6
2013-07-04,11372.6
2013-07-05,11372.6
2013-07-06,11372.6
2013-07-07,11372.6
2013-07-08,11372.6
2013-07-09,11372.6
2013-07-10,11372.6
2013-07-11,11372.6
2013-07-12,11372.6
2013-07-13,11372.6
2013-07-14,11372.6
2013-07-15,11372.6
2013-07-16,11372.6
2013-07-17,11372.6
2013-07-18,11372.6
2013-07-19,11372.6
2013-07-20,11372.6
2013-07-21,11372.6
2013-07-22,11372.6
2013-07-23,11372.6
2013-07-24,11372.6
2013-07-25,11372.6
2013-07-26,11372.6
2013-07-27,11372.6
2013-07-28,11372.6
2013-07-29,11372.6
2013-07-30,11372.6
2013-07-31,11372.6
2013-08-01,11406.6
2013-08-02,11406.6
2013-08-03,11406.6
2013-08-04,11406.6
2013-08-05,11406.6
2013-08-06,11406.6
2013-08-07,11406.6
2013-08-08,11406.6
2013-08-09,11406.6
2013-08-10,11406.6
2013-08-11,11406.6
2013-08-12,11406.6
2013-08-13,11406.6
2013-08-14,11406.6
2013-08-15,11406.6
2013-08-16,11406.6
2013-08-17,11406.6
2013-08-18,11406.6
2013-08-19,11406.6
2013-08-20,11406.6
2013-08-21,11406.6
2013-08-22,11406.6
2013-08-23,11406.6
2013-08-24,11406.6
2013-08-25,11406.6
2013-08-26,11406.6
2013-08-27,11406.6
2013-08-28,11406.6
2013-08-29,11406.6
2013-08-30,11406.6
2013-08-31,11406.6
2013-09-01,11445.9
2013-09-02,11445.9
2013-09-03,11445.9
2013-09-04,11445.9
2013-09-05,11445.9
2013-09-06,11445.9
2013-09-07,11445.9
2013-09-08,11445.9
2013-09-09,11445.9
2013-09-10,11445.9
2013-09-11,11445.9
2013-09-12,11445.9
2013-09-13,11445.9
2013-09-14,11445.9
2013-09-15,11445.9
2013-09-16,11445.9
2013-09-17,11445.9
2013-09-18,11445.9
2013-09-19,11445.9
2013-09-20,11445.9
2013-09-21,11445.9
2013-09-22,11445.9
2013-09-23,11445.9
2013-09-24,11445.9
2013-09-25,11445.9
2013-09-26,11445.9
2013-09-27,11445.9
2013-09-28,11445.9
2013-09-29,11445.9
2013-09-30,11445.9
2013-10-01,11498.0
2013-10-02,11498.0
2013-10-03,11498.0
2013-10-04,11498.0
2013-10-05,11498.0
2013-10-06,11498.0
2013-10-07,11498.0
2013-10-08,11498.0
2013-10-09,11498.0
2013-10-10,11498.0
2013-10-11,11498.0
2013-10-12,11498.0
2013-10-13,11498.0
2013-10-14,11498.0
2013-10-15,11498.0
2013-10-16,11498.0
2013-10-17,11498.0
2013-10-18,11498.0
2013-10-19,11498.0
2013-10-20,11498.0
2013-10-21,11498.0
2013-10-22,11498.0
2013-10-23,11498.0
2013-10-24,11498.0
2013-10-25,11498.0
2013-10-26,11498.0
2013-10-27,11498.0
2013-10-28,11498.0
2013-10-29,11498.0
2013-10-30,11498.0
2013-10-31,11498.0
2013-11-01,11562.5
2013-11-02,11562.5
2013-11-03,11562.5
2013-11-04,11562.5
2013-11-05,11562.5
2013-11-06,11562.5
2013-11-07,11562.5
2013-11-08,11562.5
2013-11-09,11562.5
2013-11-10,11562.5
2013-11-11,11562.5
2013-11-12,11562.5
2013-11-13,11562.5
2013-11-14,11562.5
2013-11-15,11562.5
2013-11-16,11562.5
2013-11-17,11562.5
2013-11-18,11562.5
2013-11-19,11562.5
2013-11-20,11562.5
2013-11-21,11562.5
2013-11-22,11562.5
2013-11-23,11562.5
2013-11-24,11562.5
2013-11-25,11562.5
2013-11-26,11562.5
2013-11-27,11562.5
2013-11-28,11562.5
2013-11-29,11562.5
2013-11-30,11562.5
2013-12-01,11593.2
2013-12-02,11593.2
2013-12-03,11593.2
2013-12-04,11593.2
2013-12-05,11593.2
2013-12-06,11593.2
2013-12-07,11593.2
2013-12-08,11593.2
2013-12-09,11593.2
2013-12-10,11593.2
2013-12-11,11593.2
2013-12-12,11593.2
2013-12-13,11593.2
2013-12-14,11593.2
2013-12-15,11593.2
2013-12-16,11593.2
2013-12-17,11593.2
2013-12-18,11593.2
2013-12-19,11593.2
2013-12-20,11593.2
2013-12-21,11593.2
2013-12-22,11593.2
2013-12-23,11593.2
2013-12-24,11593.2
2013-12-25,11593.2
2013-12-26,11593.2
2013-12-27,11593.2
2013-12-28,11593.2
2013-12-29,11593.2
2013-12-30,11593.2
2013-12-31,11593.2
2014-01-01,11578.8
2014-01-02,11578.8
2014-01-03,11578.8
2014-01-04,11578.8
2014-01-05,11578.8
2014-01-06,11578.8
2014-01-07,11578.8
2014-01-08,11578.8
2014-01-09,11578.8
2014-01-10,11578.8
2014-01-11,11578.8
2014-01-12,11578.8
2014-01-13,11578.8
2014-01-14,11578.8
2014-01-15,11578.8
2014-01-16,11578.8
2014-01-17,11578.8
2014-01-18,11578.8
2014-01-19,11578.8
2014-01-20,11578.8
2014-01-21,11578.8
2014-01-22,11578.8
2014-01-23,11578.8
2014-01-24,11578.8
2014-01-25,11578.8
2014-01-26,11578.8
2014-01-27,11578.8
2014-01-28,11578.8
2014-01-29,11578.8
2014-01-30,11578.8
2014-01-31,11578.8
2014-02-01,11636.9
2014-02-02,11636.9
2014-02-03,11636.9
2014-02-04,11636.9
2014-02-05,11636.9
2014-02-06,11636.9
2014-02-07,11636.9
2014-02-08,11636.9
2014-02-09,11636.9
2014-02-10,11636.9
2014-02-11,11636.9
2014-02-12,11636.9
2014-02-13,11636.9
2014-02-14,11636.9
2014-02-15,11636.9
2014-02-16,11636.9
2014-02-17,11636.9
2014-02-18,11636.9
2014-02-19,11636.9
2014-02-20,11636.9
2014-02-21,11636.9
2014-02-22,11636.9
2014-02-23,11636.9
2014-02-24,11636.9
2014-02-25,11636.9
2014-02-26,11636.9
2014-02-27,11636.9
2014-02-28,11636.9
2014-03-01,11722.3
2014-03-02,11722.3
2014-03-03,11722.3
2014-03-04,11722.3
2014-03-05,11722.3
2014-03-06,11722.3
2014-03-07,11722.3
2014-03-08,11722.3
2014-03-09,11722.3
2014-03-10,11722.3
2014-03-11,11722.3
2014-03-12,11722.3
2014-03-13,11722.3
2014-03-14,11722.3
2014-03-15,11722.3
2014-03-16,11722.3
2014-03-17,11722.3
2014-03-18,11722.3
2014-03-19,11722.3
2014-03-20,11722.3
2014-03-21,11722.3
2014-03-22,11722.3
2014-03-23,11722.3
2014-03-24,11722.3
2014-03-25,11722.3
2014-03-26,11722.3
2014-03-27,11722.3
2014-03-28,11722.3
2014-03-29,11722.3
2014-03-30,11722.3
2014-03-31,11722.3
2014-04-01,11762.3
2014-04-02,11762.3
2014-04-03,11762.3
2014-04-04,11762.3
2014-04-05,11762.3
2014-04-06,11762.3
2014-04-07,11762.3
2014-04-08,11762.3
2014-04-09,11762.3
2014-04-10,11762.3
2014-04-11,11762.3
2014-04-12,11762.3
2014-04-13,11762.3
2014-04-14,11762.3
2014-04-15,11762.3
2014-04-16,11762.3
2014-04-17,11762.3
2014-04-18,11762.3
2014-04-19,11762.3
2014-04-20,11762.3
2014-04-21,11762.3
2014-04-22,11762.3
2014-04-23,11762.3
2014-04-24,11762.3
2014-04-25,11762.3
2014-04-26,11762.3
2014-04-27,11762.3
2014-04-28,11762.3
2014-04-29,11762.3
2014-04-30,11762.3
2014-05-01,11807.3
2014-05-02,11807.3
2014-05-03,11807.3
2014-05-04,11807.3
2014-05-05,11807.3
2014-05-06,11807.3
2014-05-07,11807.3
2014-05-08,11807.3
2014-05-09,11807.3
2014-05-10,11807.3
2014-05-11,11807.3
2014-05-12,11807.3
2014-05-13,11807.3
2014-05-14,11807.3
2014-05-15,11807.3
2014-05-16,11807.3
2014-05-17,11807.3
2014-05-18,11807.3
2014-05-19,11807.3
2014-05-20,11807.3
2014-05-21,11807.3
2014-05-22,11807.3
2014-05-23,11807.3
2014-05-24,11807.3
2014-05-25,11807.3
2014-05-26,11807.3
2014-05-27,11807.3
2014-05-28,11807.3
2014-05-29,11807.3
2014-05-30,11807.3
2014-05-31,11807.3
2014-06-01,11861.7
2014-06-02,11861.7
2014-06-03,11861.7
2014-06-04,11861.7
2014-06-05,11861.7
2014-06-06,11861.7
2014-06-07,11861.7
2014-06-08,11861.7
2014-06-09,11861.7
2014-06-10,11861.7
2014-06-11,11861.7
2014-06-12,11861.7
2014-06-13,11861.7
2014-06-14,11861.7
2014-06-15,11861.7
2014-06-16,11861.7
2014-06-17,11861.7
2014-06-18,11861.7
2014-06-19,11861.7
2014-06-20,11861.7
2014-06-21,11861.7
2014-06-22,11861.7
2014-06-23,11861.7
2014-06-24,11861.7
2014-06-25,11861.7
2014-06-26,11861.7
2014-06-27,11861.7
2014-06-28,11861.7
2014-06-29,11861.7
2014-06-30,11861.7
2014-07-01,11904.4
2014-07-02,11904.4
2014-07-03,11904.4
2014-07-04,11904.4
2014-07-05,11904.4
2014-07-06,11904.4
2014-07-07,11904.4
2014-07-08,11904.4
2014-07-09,11904.4
2014-07-10,11904.4
2014-07-11,11904.4
2014-07-12,11904.4
2014-07-13,11904.4
2014-07-14,11904.4
2014-07-15,11904.4
2014-07-16,11904.4
2014-07-17,11904.4
2014-07-18,11904.4
2014-07-19,11904.4
2014-07-20,11904.4
2014-07-21,11904.4
2014-07-22,11904.4
2014-07-23,11904.4
2014-07-24,11904.4
2014-07-25,11904.4
2014-07-26,11904.4
2014-07-27,11904.4
2014-07-28,11904.4
2014-07-29,11904.4
2014-07-30,11904.4
2014-07-31,11904.4
2014-08-01,11983.7
2014-08-02,11983.7
2014-08-03,11983.7
2014-08-04,11983.7
2014-08-05,11983.7
2014-08-06,11983.7
2014-08-07,11983.7
2014-08-08,11983.7
2014-08-09,11983.7
2014-08-10,11983.7
2014-08-11,11983.7
2014-08-12,11983.7
2014-08-13,11983.7
2014-08-14,11983.7
2014-08-15,11983.7
2014-08-16,11983.7
2014-08-17,11983.7
2014-08-18,11983.7
2014-08-19,11983.7
2014-08-20,11983.7
2014-08-21,11983.7
2014-08-22,11983.7
2014-08-23,11983.7
2014-08-24,11983.7
2014-08-25,11983.7
2014-08-26,11983.7
2014-08-27,11983.7
2014-08-28,11983.7
2014-08-29,11983.7
2014-08-30,11983.7
2014-08-31,11983.7
2014-09-01,11991.4
2014-09-02,11991.4
2014-09-03,11991.4
2014-09-04,11991.4
2014-09-05,11991.4
2014-09-06,11991.4
2014-09-07,11991.4
2014-09-08,11991.4
2014-09-09,11991.4
2014-09-10,11991.4
2014-09-11,11991.4
2014-09-12,11991.4
2014-09-13,11991.4
2014-09-14,11991.4
2014-09-15,11991.4
2014-09-16,11991.4
2014-09-17,11991.4
2014-09-18,11991.4
2014-09-19,11991.4
2014-09-20,11991.4
2014-09-21,11991.4
2014-09-22,11991.4
2014-09-23,11991.4
2014-09-24,11991.4
2014-09-25,11991.4
2014-09-26,11991.4
2014-09-27,11991.4
2014-09-28,11991.4
2014-09-29,11991.4
2014-09-30,11991.4
2014-10-01,12064.7
2014-10-02,12064.7
2014-10-03,12064.7
2014-10-04,12064.7
2014-10-05,12064.7
2014-10-06,12064.7
2014-10-07,12064.7
2014-10-08,12064.7
2014-10-09,12064.7
2014-10-10,12064.7
2014-10-11,12064.7
2014-10-12,12064.7
2014-10-13,12064.7
2014-10-14,12064.7
2014-10-15,12064.7
2014-10-16,12064.7
2014-10-17,12064.7
2014-10-18,12064.7
2014-10-19,12064.7
2014-10-20,12064.7
2014-10-21,12064.7
2014-10-22,12064.7
2014-10-23,12064.7
2014-10-24,12064.7
2014-10-25,12064.7
2014-10-26,12064.7
2014-10-27,12064.7
2014-10-28,12064.7
2014-10-29,12064.7
2014-10-30,12064.7
2014-10-31,12064.7
2014-11-01,12083.9
2014-11-02,12083.9
2014-11-03,12083.9
2014-11-04,12083.9
2014-11-05,12083.9
2014-11-06,12083.9
2014-11-07,12083.9
2014-11-08,12083.9
2014-11-09,12083.9
2014-11-10,12083.9
2014-11-11,12083.9
2014-11-12,12083.9
2014-11-13,12083.9
2014-11-14,12083.9
2014-11-15,12083.9
2014-11-16,12083.9
2014-11-17,12083.9
2014-11-18,12083.9
2014-11-19,12083.9
2014-11-20,12083.9
2014-11-21,12083.9
2014-11-22,12083.9
2014-11-23,12083.9
2014-11-24,12083.9
2014-11-25,12083.9
2014-11-26,12083.9
2014-11-27,12083.9
2014-11-28,12083.9
2014-11-29,12083.9
2014-11-30,12083.9
2014-12-01,12096.1
2014-12-02,12096.1
2014-12-03,12096.1
2014-12-04,12096.1
2014-12-05,12096.1
2014-12-06,12096.1
2014-12-07,12096.1
2014-12-08,12096.1
2014-12-09,12096.1
2014-12-10,12096.1
2014-12-11,12096.1
2014-12-12,12096.1
2014-12-13,12096.1
2014-12-14,12096.1
2014-12-15,12096.1
2014-12-16,12096.1
2014-12-17,12096.1
2014-12-18,12096.1
2014-12-19,12096.1
2014-12-20,12096.1
2014-12-21,12096.1
2014-12-22,12096.1
2014-12-23,12096.1
2014-12-24,12096.1
2014-12-25,12096.1
2014-12-26,12096.1
2014-12-27,12096.1
2014-12-28,12096.1
2014-12-29,12096.1
2014-12-30,12096.1
2014-12-31,12096.1
2015-01-01,12066.7
2015-01-02,12066.7
2015-01-03,12066.7
2015-01-04,12066.7
2015-01-05,12066.7
2015-01-06,12066.7
2015-01-07,12066.7
2015-01-08,12066.7
2015-01-09,12066.7
2015-01-10,12066.7
2015-01-11,12066.7
2015-01-12,12066.7
2015-01-13,12066.7
2015-01-14,12066.7
2015-01-15,12066.7
2015-01-16,12066.7
2015-01-17,12066.7
2015-01-18,12066.7
2015-01-19,12066.7
2015-01-20,12066.7
2015-01-21,12066.7
2015-01-22,12066.7
2015-01-23,12066.7
2015-01-24,12066.7
2015-01-25,12066.7
2015-01-26,12066.7
2015-01-27,12066.7
2015-01-28,12066.7
2015-01-29,12066.7
2015-01-30,12066.7
2015-01-31,12066.7
2015-02-01,12116.6
2015-02-02,12116.6
2015-02-03,12116.6
2015-02-04,12116.6
2015-02-05,12116.6
2015-02-06,12116.6
2015-02-07,12116.6
2015-02-08,12116.6
2015-02-09,12116.6
2015-02-10,12116.6
2015-02-11,12116.6
2015-02-12,12116.6
2015-02-13,12116.6
2015-02-14,12116.6
2015-02-15,12116.6
2015-02-16,12116.6
2015-02-17,12116.6
2015-02-18,12116.6
2015-02-19,12116.6
2015-02-20,12116.6
2015-02-21,12116.6
2015-02-22,12116.6
2015-02-23,12116.6
2015-02-24,12116.6
2015-02-25,12116.6
2015-02-26,12116.6
2015-02-27,12116.6
2015-02-28,12116.6
2015-03-01,12176.1
2015-03-02,12176.1
2015-03-03,12176.1
2015-03-04,12176.1
2015-03-05,12176.1
2015-03-06,12176.1
2015-03-07,12176.1
2015-03-08,12176.1
2015-03-09,12176.1
2015-03-10,12176.1
2015-03-11,12176.1
2015-03-12,12176.1
2015-03-13,12176.1
2015-03-14,12176.1
2015-03-15,12176.1
2015-03-16,12176.1
2015-03-17,12176.1
2015-03-18,12176.1
2015-03-19,12176.1
2015-03-20,12176.1
2015-03-21,12176.1
2015-03-22,12176.1
2015-03-23,12176.1
2015-03-24,12176.1
2015-03-25,12176.1
2015-03-26,12176.1
2015-03-27,12176.1
2015-03-28,12176.1
2015-03-29,12176.1
2015-03-30,12176.1
2015-03-31,12176.1
2015-04-01,12209.1
2015-04-02,12209.1
2015-04-03,12209.1
2015-04-04,12209.1
2015-04-05,12209.1
2015-04-06,12209.1
2015-04-07,12209.1
2015-04-08,12209.1
2015-04-09,12209.1
2015-04-10,12209.1
2015-04-11,12209.1
2015-04-12,12209.1
2015-04-13,12209.1
2015-04-14,12209.1
2015-04-15,12209.1
2015-04-16,12209.1
2015-04-17,12209.1
2015-04-18,12209.1
2015-04-19,12209.1
2015-04-20,12209.1
2015-04-21,12209.1
2015-04-22,12209.1
2015-04-23,12209.1
2015-04-24,12209.1
2015-04-25,12209.1
2015-04-26,12209.1
2015-04-27,12209.1
2015-04-28,12209.1
2015-04-29,12209.1
2015-04-30,12209.1
2015-05-01,12275.4
2015-05-02,12275.4
2015-05-03,12275.4
2015-05-04,12275.4
2015-05-05,12275.4
2015-05-06,12275.4
2015-05-07,12275.4
2015-05-08,12275.4
2015-05-09,12275.4
2015-05-10,12275.4
2015-05-11,12275.4
2015-05-12,12275.4
2015-05-13,12275.4
2015-05-14,12275.4
2015-05-15,12275.4
2015-05-16,12275.4
2015-05-17,12275.4
2015-05-18,12275.4
2015-05-19,12275.4
2015-05-20,12275.4
2015-05-21,12275.4
2015-05-22,12275.4
2015-05-23,12275.4
2015-05-24,12275.4
2015-05-25,12275.4
2015-05-26,12275.4
2015-05-27,12275.4
2015-05-28,12275.4
2015-05-29,12275.4
2015-05-30,12275.4
2015-05-31,12275.4
2015-06-01,12307.9
2015-06-02,12307.9
2015-06-03,12307.9
2015-06-04,12307.9
2015-06-05,12307.9
2015-06-06,12307.9
2015-06-07,12307.9
2015-06-08,12307.9
2015-06-09,12307.9
2015-06-10,12307.9
2015-06-11,12307.9
2015-06-12,12307.9
2015-06-13,12307.9
2015-06-14,12307.9
2015-06-15,12307.9
2015-06-16,12307.9
2015-06-17,12307.9
2015-06-18,12307.9
2015-06-19,12307.9
2015-06-20,12307.9
2015-06-21,12307.9
2015-06-22,12307.9
2015-06-23,12307.9
2015-06-24,12307.9
2015-06-25,12307.9
2015-06-26,12307.9
2015-06-27,12307.9
2015-06-28,12307.9
2015-06-29,12307.9
2015-06-30,12307.9
2015-07-01,12364.9
2015-07-02,12364.9
2015-07-03,12364.9
2015-07-04,12364.9
2015-07-05,12364.9
2015-07-06,12364.9
2015-07-07,12364.9
2015-07-08,12364.9
2015-07-09,12364.9
2015-07-10,12364.9
2015-07-11,12364.9
2015-07-12,12364.9
2015-07-13,12364.9
2015-07-14,12364.9
2015-07-15,12364.9
2015-07-16,12364.9
2015-07-17,12364.9
2015-07-18,12364.9
2015-07-19,12364.9
2015-07-20,12364.9
2015-07-21,12364.9
2015-07-22,12364.9
2015-07-23,12364.9
2015-07-24,12364.9
2015-07-25,12364.9
2015-07-26,12364.9
2015-07-27,12364.9
2015-07-28,12364.9
2015-07-29,12364.9
2015-07-30,12364.9
2015-07-31,12364.9
2015-08-01,12396.2
2015-08-02,12396.2
2015-08-03,12396.2
2015-08-04,12396.2
2015-08-05,12396.2
2015-08-06,12396.2
2015-08-07,12396.2
2015-08-08,12396.2
2015-08-09,12396.2
2015-08-10,12396.2
2015-08-11,12396.2
2015-08-12,12396.2
2015-08-13,12396.2
2015-08-14,12396.2
2015-08-15,12396.2
2015-08-16,12396.2
2015-08-17,12396.2
2015-08-18,12396.2
2015-08-19,12396.2
2015-08-20,12396.2
2015-08-21,12396.2
2015-08-22,12396.2
2015-08-23,12396.2
2015-08-24,12396.2
2015-08-25,12396.2
2015-08-26,12396.2
2015-08-27,12396.2
2015-08-28,12396.2
2015-08-29,12396.2
2015-08-30,12396.2
2015-08-31,12396.2
2015-09-01,12386.4
2015-09-02,12386.4
2015-09-03,12386.4
2015-09-04,12386.4
2015-09-05,12386.4
2015-09-06,12386.4
2015-09-07,12386.4
2015-09-08,12386.4
2015-09-09,12386.4
2015-09-10,12386.4
2015-09-11,12386.4
2015-09-12,12386.4
2015-09-13,12386.4
2015-09-14,12386.4
2015-09-15,12386.4
2015-09-16,12386.4
2015-09-17,12386.4
2015-09-18,12386.4
2015-09-19,12386.4
2015-09-20,12386.4
2015-09-21,12386.4
2015-09-22,12386.4
2015-09-23,12386.4
2015-09-24,12386.4
2015-09-25,12386.4
2015-09-26,12386.4
2015-09-27,12386.4
2015-09-28,12386.4
2015-09-29,12386.4
2015-09-30,12386.4
2015-10-01,12394.9
2015-10-02,12394.9
2015-10-03,12394.9
2015-10-04,12394.9
2015-10-05,12394.9
2015-10-06,12394.9
2015-10-07,12394.9
2015-10-08,12394.9
2015-10-09,12394.9
2015-10-10,12394.9
2015-10-11,12394.9
2015-10-12,12394.9
2015-10-13,12394.9
2015-10-14,12394.9
2015-10-15,12394.9
2015-10-16,12394.9
2015-10-17,12394.9
2015-10-18,12394.9
2015-10-19,12394.9
2015-10-20,12394.9
2015-10-21,12394.9
2015-10-22,12394.9
2015-10-23,12394.9
2015-10-24,12394.9
2015-10-25,12394.9
2015-10-26,12394.9
2015-10-27,12394.9
2015-10-28,12394.9
2015-10-29,12394.9
2015-10-30,12394.9
2015-10-31,12394.9
2015-11-01,12423.2
2015-11-02,12423.2
2015-11-03,12423.2
2015-11-04,12423.2
2015-11-05,12423.2
2015-11-06,12423.2
2015-11-07,12423.2
2015-11-08,12423.2
2015-11-09,12423.2
2015-11-10,12423.2
2015-11-11,12423.2
2015-11-12,12423.2
2015-11-13,12423.2
2015-11-14,12423.2
2015-11-15,12423.2
2015-11-16,12423.2
2015-11-17,12423.2
2015-11-18,12423.2
2015-11-19,12423.2
2015-11-20,12423.2
2015-11-21,12423.2
2015-11-22,12423.2
2015-11-23,12423.2
2015-11-24,12423.2
2015-11-25,12423.2
2015-11-26,12423.2
2015-11-27,12423.2
2015-11-28,12423.2
2015-11-29,12423.2
2015-11-30,12423.2
2015-12-01,12452.0
2015-12-02,12452.0
2015-12-03,12452.0
2015-12-04,12452.0
2015-12-05,12452.0
2015-12-06,12452.0
2015-12-07,12452.0
2015-12-08,12452.0
2015-12-09,12452.0
2015-12-10,12452.0
2015-12-11,12452.0
2015-12-12,12452.0
2015-12-13,12452.0
2015-12-14,12452.0
2015-12-15,12452.0
2015-12-16,12452.0
2015-12-17,12452.0
2015-12-18,12452.0
2015-12-19,12452.0
2015-12-20,12452.0
2015-12-21,12452.0
2015-12-22,12452.0
2015-12-23,12452.0
2015-12-24,12452.0
2015-12-25,12452.0
2015-12-26,12452.0
2015-12-27,12452.0
2015-12-28,12452.0
2015-12-29,12452.0
2015-12-30,12452.0
2015-12-31,12452.0
2016-01-01,12478.0
2016-01-02,12478.0
2016-01-03,12478.0
2016-01-04,12478.0
2016-01-05,12478.0
2016-01-06,12478.0
2016-01-07,12478.0
2016-01-08,12478.0
2016-01-09,12478.0
2016-01-10,12478.0
2016-01-11,12478.0
2016-01-12,12478.0
2016-01-13,12478.0
2016-01-14,12478.0
2016-01-15,12478.0
2016-01-16,12478.0
2016-01-17,12478.0
2016-01-18,12478.0
2016-01-19,12478.0
2016-01-20,12478.0
2016-01-21,12478.0
2016-01-22,12478.0
2016-01-23,12478.0
2016-01-24,12478.0
2016-01-25,12478.0
2016-01-26,12478.0
2016-01-27,12478.0
2016-01-28,12478.0
2016-01-29,12478.0
2016-01-30,12478.0
2016-01-31,12478.0
2016-02-01,12554.5
2016-02-02,12554.5
2016-02-03,12554.5
2016-02-04,12554.5
2016-02-05,12554.5
2016-02-06,12554.5
2016-02-07,12554.5
2016-02-08,12554.5
2016-02-09,12554.5
2016-02-10,12554.5
2016-02-11,12554.5
2016-02-12,12554.5
2016-02-13,12554.5
2016-02-14,12554.5
2016-02-15,12554.5
2016-02-16,12554.5
2016-02-17,12554.5
2016-02-18,12554.5
2016-02-19,12554.5
2016-02-20,12554.5
2016-02-21,12554.5
2016-02-22,12554.5
2016-02-23,12554.5
2016-02-24,12554.5
2016-02-25,12554.5
2016-02-26,12554.5
2016-02-27,12554.5
2016-02-28,12554.5
2016-02-29,12554.5
2016-03-01,12537.0
2016-03-02,12537.0
2016-03-03,12537.0
2016-03-04,12537.0
2016-03-05,12537.0
2016-03-06,12537.0
2016-03-07,12537.0
2016-03-08,12537.0
2016-03-09,12537.0
2016-03-10,12537.0
2016-03-11,12537.0
2016-03-12,12537.0
2016-03-13,12537.0
2016-03-14,12537.0
2016-03-15,12537.0
2016-03-16,12537.0
2016-03-17,12537.0
2016-03-18,12537.0
2016-03-19,12537.0
2016-03-20,12537.0
2016-03-21,12537.0
2016-03-22,12537.0
2016-03-23,12537.0
2016-03-24,12537.0
2016-03-25,12537.0
2016-03-26,12537.0
2016-03-27,12537.0
2016-03-28,12537.0
2016-03-29,12537.0
2016-03-30,12537.0
2016-03-31,12537.0
2016-04-01,12611.5
2016-04-02,12611.5
2016-04-03,12611.5
2016-04-04,12611.5
2016-04-05,12611.5
2016-04-06,12611.5
2016-04-07,12611.5
2016-04-08,12611.5
2016-04-09,12611.5
2016-04-10,12611.5
2016-04-11,12611.5
2016-04-12,12611.5
2016-04-13,12611.5
2016-04-14,12611.5
2016-04-15,12611.5
2016-04-16,12611.5
2016-04-17,12611.5
2016-04-18,12611.5
2016-04-19,12611.5
2016-04-20,12611.5
2016-04-21,12611.5
2016-04-22,12611.5
2016-04-23,12611.5
2016-04-24,12611.5
2016-04-25,12611.5
2016-04-26,12611.5
2016-04-27,12611.5
2016-04-28,12611.5
2016-04-29,12611.5
2016-04-30,12611.5
2016-05-01,12652.7
2016-05-02,12652.7
2016-05-03,12652.7
2016-05-04,12652.7
2016-05-05,12652.7
2016-05-06,12652.7
2016-05-07,12652.7
2016-05-08,12652.7
2016-05-09,12652.7
2016-05-10,12652.7
2016-05-11,12652.7
2016-05-12,12652.7
2016-05-13,12652.7
2016-05-14,12652.7
2016-05-15,12652.7
2016-05-16,12652.7
2016-05-17,12652.7
2016-05-18,12652.7
2016-05-19,12652.7
2016-05-20,12652.7
2016-05-21,12652.7
2016-05-22,12652.7
2016-05-23,12652.7
2016-05-24,12652.7
2016-05-25,12652.7
2016-05-26,12652.7
2016-05-27,12652.7
2016-05-28,12652.7
2016-05-29,12652.7
2016-05-30,12652.7
2016-05-31,12652.7
2016-06-01,12731.2
2016-06-02,12731.2
2016-06-03,12731.2
2016-06-04,12731.2
2016-06-05,12731.2
2016-06-06,12731.2
2016-06-07,12731.2
2016-06-08,12731.2
2016-06-09,12731.2
2016-06-10,12731.2
2016-06-11,12731.2
2016-06-12,12731.2
2016-06-13,12731.2
2016-06-14,12731.2
2016-06-15,12731.2
2016-06-16,12731.2
2016-06-17,12731.2
2016-06-18,12731.2
2016-06-19,12731.2
2016-06-20,12731.2
2016-06-21,12731.2
2016-06-22,12731.2
2016-06-23,12731.2
2016-06-24,12731.2
2016-06-25,12731.2
2016-06-26,12731.2
2016-06-27,12731.2
2016-06-28,12731.2
2016-06-29,12731.2
2016-06-30,12731.2
2016-07-01,12756.7
2016-07-02,12756.7
2016-07-03,12756.7
2016-07-04,12756.7
2016-07-05,12756.7
2016-07-06,12756.7
2016-07-07,12756.7
2016-07-08,12756.7
2016-07-09,12756.7
2016-07-10,12756.7
2016-07-11,12756.7
2016-07-12,12756.7
2016-07-13,12756.7
2016-07-14,12756.7
2016-07-15,12756.7
2016-07-16,12756.7
2016-07-17,12756.7
2016-07-18,12756.7
2016-07-19,12756.7
2016-07-20,12756.7
2016-07-21,12756.7
2016-07-22,12756.7
2016-07-23,12756.7
2016-07-24,12756.7
2016-07-25,12756.7
2016-07-26,12756.7
2016-07-27,12756.7
2016-07-28,12756.7
2016-07-29,12756.7
2016-07-30,12756.7
2016-07-31,12756.7
2016-08-01,12788.1
2016-08-02,12788.1
2016-08-03,12788.1
2016-08-04,12788.1
2016-08-05,12788.1
2016-08-06,12788.1
2016-08-07,12788.1
2016-08-08,12788.1
2016-08-09,12788.1
2016-08-10,12788.1
2016-08-11,12788.1
2016-08-12,12788.1
2016-08-13,12788.1
2016-08-14,12788.1
2016-08-15,12788.1
2016-08-16,12788.1
2016-08-17,12788.1
2016-08-18,12788.1
2016-08-19,12788.1
2016-08-20,12788.1
2016-08-21,12788.1
2016-08-22,12788.1
2016-08-23,12788.1
2016-08-24,12788.1
2016-08-25,12788.1
2016-08-26,12788.1
2016-08-27,12788.1
2016-08-28,12788.1
2016-08-29,12788.1
2016-08-30,12788.1
2016-08-31,12788.1
2016-09-01,12846.6
2016-09-02,12846.6
2016-09-03,12846.6
2016-09-04,12846.6
2016-09-05,12846.6
2016-09-06,12846.6
2016-09-07,12846.6
2016-09-08,12846.6
2016-09-09,12846.6
2016-09-10,12846.6
2016-09-11,12846.6
2016-09-12,12846.6
2016-09-13,12846.6
2016-09-14,12846.6
2016-09-15,12846.6
2016-09-16,12846.6
2016-09-17,12846.6
2016-09-18,12846.6
2016-09-19,12846.6
2016-09-20,12846.6
2016-09-21,12846.6
2016-09-22,12846.6
2016-09-23,12846.6
2016-09-24,12846.6
2016-09-25,12846.6
2016-09-26,12846.6
2016-09-27,12846.6
2016-09-28,12846.6
2016-09-29,12846.6
2016-09-30,12846.6
2016-10-01,12867.0
2016-10-02,12867.0
2016-10-03,12867.0
2016-10-04,12867.0
2016-10-05,12867.0
2016-10-06,12867.0
2016-10-07,12867.0
2016-10-08,12867.0
2016-10-09,12867.0
2016-10-10,12867.0
2016-10-11,12867.0
2016-10-12,12867.0
2016-10-13,12867.0
2016-10-14,12867.0
2016-10-15,12867.0
2016-10-16,12867.0
2016-10-17,12867.0
2016-10-18,12867.0
2016-10-19,12867.0
2016-10-20,12867.0
2016-10-21,12867.0
2016-10-22,12867.0
2016-10-23,12867.0
2016-10-24,12867.0
2016-10-25,12867.0
2016-10-26,12867.0
2016-10-27,12867.0
2016-10-28,12867.0
2016-10-29,12867.0
2016-10-30,12867.0
2016-10-31,12867.0
2016-11-01,12893.0
2016-11-02,12893.0
2016-11-03,12893.0
2016-11-04,12893.0
2016-11-05,12893.0
2016-11-06,12893.0
2016-11-07,12893.0
2016-11-08,12893.0
2016-11-09,12893.0
2016-11-10,12893.0
2016-11-11,12893.0
2016-11-12,12893.0
2016-11-13,12893.0
2016-11-14,12893.0
2016-11-15,12893.0
2016-11-16,12893.0
2016-11-17,12893.0
2016-11-18,12893.0
2016-11-19,12893.0
2016-11-20,12893.0
2016-11-21,12893.0
2016-11-22,12893.0
2016-11-23,12893.0
2016-11-24,12893.0
2016-11-25,12893.0
2016-11-26,12893.0
2016-11-27,12893.0
2016-11-28,12893.0
2016-11-29,12893.0
2016-11-30,12893.0
2016-12-01,13005.9
2016-12-02,13005.9
2016-12-03,13005.9
2016-12-04,13005.9
2016-12-05,13005.9
2016-12-06,13005.9
2016-12-07,13005.9
2016-12-08,13005.9
2016-12-09,13005.9
2016-12-10,13005.9
2016-12-11,13005.9
2016-12-12,13005.9
2016-12-13,13005.9
2016-12-14,13005.9
2016-12-15,13005.9
2016-12-16,13005.9
2016-12-17,13005.9
2016-12-18,13005.9
2016-12-19,13005.9
2016-12-20,13005.9
2016-12-21,13005.9
2016-12-22,13005.9
2016-12-23,13005.9
2016-12-24,13005.9
2016-12-25,13005.9
2016-12-26,13005.9
2016-12-27,13005.9
2016-12-28,13005.9
2016-12-29,13005.9
2016-12-30,13005.9
2016-12-31,13005.9
2017-01-01,13063.7
2017-01-02,13063.7
2017-01-03,13063.7
2017-01-04,13063.7
2017-01-05,13063.7
2017-01-06,13063.7
2017-01-07,13063.7
2017-01-08,13063.7
2017-01-09,13063.7
2017-01-10,13063.7
2017-01-11,13063.7
2017-01-12,13063.7
2017-01-13,13063.7
2017-01-14,13063.7
2017-01-15,13063.7
2017-01-16,13063.7
2017-01-17,13063.7
2017-01-18,13063.7
2017-01-19,13063.7
2017-01-20,13063.7
2017-01-21,13063.7
2017-01-22,13063.7
2017-01-23,13063.7
2017-01-24,13063.7
2017-01-25,13063.7
2017-01-26,13063.7
2017-01-27,13063.7
2017-01-28,13063.7
2017-01-29,13063.7
2017-01-30,13063.7
2017-01-31,13063.7
2017-02-01,13088.4
2017-02-02,13088.4
2017-02-03,13088.4
2017-02-04,13088.4
2017-02-05,13088.4
2017-02-06,13088.4
2017-02-07,13088.4
2017-02-08,13088.4
2017-02-09,13088.4
2017-02-10,13088.4
2017-02-11,13088.4
2017-02-12,13088.4
2017-02-13,13088.4
2017-02-14,13088.4
2017-02-15,13088.4
2017-02-16,13088.4
2017-02-17,13088.4
2017-02-18,13088.4
2017-02-19,13088.4
2017-02-20,13088.4
2017-02-21,13088.4
2017-02-22,13088.4
2017-02-23,13088.4
2017-02-24,13088.4
2017-02-25,13088.4
2017-02-26,13088.4
2017-02-27,13088.4
2017-02-28,13088.4
2017-03-01,13139.9
2017-03-02,13139.9
2017-03-03,13139.9
2017-03-04,13139.9
2017-03-05,13139.9
2017-03-06,13139.9
2017-03-07,13139.9
2017-03-08,13139.9
2017-03-09,13139.9
2017-03-10,13139.9
2017-03-11,13139.9
2017-03-12,13139.9
2017-03-13,13139.9
2017-03-14,13139.9
2017-03-15,13139.9
2017-03-16,13139.9
2017-03-17,13139.9
2017-03-18,13139.9
2017-03-19,13139.9
2017-03-20,13139.9
2017-03-21,13139.9
2017-03-22,13139.9
2017-03-23,13139.9
2017-03-24,13139.9
2017-03-25,13139.9
2017-03-26,13139.9
2017-03-27,13139.9
2017-03-28,13139.9
2017-03-29,13139.9
2017-03-30,13139.9
2017-03-31,13139.9
2017-04-01,13169.2
2017-04-02,13169.2
2017-04-03,13169.2
2017-04-04,13169.2
2017-04-05,13169.2
2017-04-06,13169.2
2017-04-07,13169.2
2017-04-08,13169.2
2017-04-09,13169.2
2017-04-10,13169.2
2017-04-11,13169.2
2017-04-12,13169.2
2017-04-13,13169.2
2017-04-14,13169.2
2017-04-15,13169.2
2017-04-16,13169.2
2017-04-17,13169.2
2017-04-18,13169.2
2017-04-19,13169.2
2017-04-20,13169.2
2017-04-21,13169.2
2017-04-22,13169.2
2017-04-23,13169.2
2017-04-24,13169.2
2017-04-25,13169.2
2017-04-26,13169.2
2017-04-27,13169.2
2017-04-28,13169.2
2017-04-29,13169.2
2017-04-30,13169.2
2017-05-01,13171.9
2017-05-02,13171.9
2017-05-03,13171.9
2017-05-04,13171.9
2017-05-05,13171.9
2017-05-06,13171.9
2017-05-07,13171.9
2017-05-08,13171.9
2017-05-09,13171.9
2017-05-10,13171.9
2017-05-11,13171.9
2017-05-12,13171.9
2017-05-13,13171.9
2017-05-14,13171.9
2017-05-15,13171.9
2017-05-16,13171.9
2017-05-17,13171.9
2017-05-18,13171.9
2017-05-19,13171.9
2017-05-20,13171.9
2017-05-21,13171.9
2017-05-22,13171.9
2017-05-23,13171.9
2017-05-24,13171.9
2017-05-25,13171.9
2017-05-26,13171.9
2017-05-27,13171.9
2017-05-28,13171.9
2017-05-29,13171.9
2017-05-30,13171.9
2017-05-31,13171.9
2017-06-01,13225.2
2017-06-02,13225.2
2017-06-03,13225.2
2017-06-04,13225.2
2017-06-05,13225.2
2017-06-06,13225.2
2017-06-07,13225.2
2017-06-08,13225.2
2017-06-09,13225.2
2017-06-10,13225.2
2017-06-11,13225.2
2017-06-12,13225.2
2017-06-13,13225.2
2017-06-14,13225.2
2017-06-15,13225.2
2017-06-16,13225.2
2017-06-17,13225.2
2017-06-18,13225.2
2017-06-19,13225.2
2017-06-20,13225.2
2017-06-21,13225.2
2017-06-22,13225.2
2017-06-23,13225.2
2017-06-24,13225.2
2017-06-25,13225.2
2017-06-26,13225.2
2017-06-27,13225.2
2017-06-28,13225.2
2017-06-29,13225.2
2017-06-30,13225.2
2017-07-01,13263.3
2017-07-02,13263.3
2017-07-03,13263.3
2017-07-04,13263.3
2017-07-05,13263.3
2017-07-06,13263.3
2017-07-07,13263.3
2017-07-08,13263.3
2017-07-09,13263.3
2017-07-10,13263.3
2017-07-11,13263.3
2017-07-12,13263.3
2017-07-13,13263.3
2017-07-14,13263.3
2017-07-15,13263.3
2017-07-16,13263.3
2017-07-17,13263.3
2017-07-18,13263.3
2017-07-19,13263.3
2017-07-20,13263.3
2017-07-21,13263.3
2017-07-22,13263.3
2017-07-23,13263.3
2017-07-24,13263.3
2017-07-25,13263.3
2017-07-26,13263.3
2017-07-27,13263.3
2017-07-28,13263.3
2017-07-29,13263.3
2017-07-30,13263.3
2017-07-31,13263.3
2017-08-01,13294.6
2017-08-02,13294.6
2017-08-03,13294.6
2017-08-04,13294.6
2017-08-05,13294.6
2017-08-06,13294.6
2017-08-07,13294.6
2017-08-08,13294.6
2017-08-09,13294.6
2017-08-10,13294.6
2017-08-11,13294.6
2017-08-12,13294.6
2017-08-13,13294.6
2017-08-14,13294.6
2017-08-15,13294.6
2017-08-16,13294.6
2017-08-17,13294.6
2017-08-18,13294.6
2017-08-19,13294.6
2017-08-20,13294.6
2017-08-21,13294.6
2017-08-22,13294.6
2017-08-23,13294.6
2017-08-24,13294.6
2017-08-25,13294.6
2017-08-26,13294.6
2017-08-27,13294.6
2017-08-28,13294.6
2017-08-29,13294.6
2017-08-30,13294.6
2017-08-31,13294.6
2017-09-01,13417.3
2017-09-02,13417.3
2017-09-03,13417.3
2017-09-04,13417.3
2017-09-05,13417.3
2017-09-06,13417.3
2017-09-07,13417.3
2017-09-08,13417.3
2017-09-09,13417.3
2017-09-10,13417.3
2017-09-11,13417.3
2017-09-12,13417.3
2017-09-13,13417.3
2017-09-14,13417.3
2017-09-15,13417.3
2017-09-16,13417.3
2017-09-17,13417.3
2017-09-18,13417.3
2017-09-19,13417.3
2017-09-20,13417.3
2017-09-21,13417.3
2017-09-22,13417.3
2017-09-23,13417.3
2017-09-24,13417.3
2017-09-25,13417.3
2017-09-26,13417.3
2017-09-27,13417.3
2017-09-28,13417.3
2017-09-29,13417.3
2017-09-30,13417.3
2017-10-01,13447.5
2017-10-02,13447.5
2017-10-03,13447.5
2017-10-04,13447.5
2017-10-05,13447.5
2017-10-06,13447.5
2017-10-07,13447.5
2017-10-08,13447.5
2017-10-09,13447.5
2017-10-10,13447.5
2017-10-11,13447.5
2017-10-12,13447.5
2017-10-13,13447.5
2017-10-14,13447.5
2017-10-15,13447.5
2017-10-16,13447.5
2017-10-17,13447.5
2017-10-18,13447.5
2017-10-19,13447.5
2017-10-20,13447.5
2017-10-21,13447.5
2017-10-22,13447.5
2017-10-23,13447.5
2017-10-24,13447.5
2017-10-25,13447.5
2017-10-26,13447.5
2017-10-27,13447.5
2017-10-28,13447.5
2017-10-29,13447.5
2017-10-30,13447.5
2017-10-31,13447.5
2017-11-01,13540.6
2017-11-02,13540.6
2017-11-03,13540.6
2017-11-04,13540.6
2017-11-05,13540.6
2017-11-06,13540.6
2017-11-07,13540.6
2017-11-08,13540.6
2017-11-09,13540.6
2017-11-10,13540.6
2017-11-11,13540.6
2017-11-12,13540.6
2017-11-13,13540.6
2017-11-14,13540.6
2017-11-15,13540.6
2017-11-16,13540.6
2017-11-17,13540.6
2017-11-18,13540.6
2017-11-19,13540.6
2017-11-20,13540.6
2017-11-21,13540.6
2017-11-22,13540.6
2017-11-23,13540.6
2017-11-24,13540.6
2017-11-25,13540.6
2017-11-26,13540.6
2017-11-27,13540.6
2017-11-28,13540.6
2017-11-29,13540.6
2017-11-30,13540.6
2017-12-01,13666.1
2017-12-02,13666.1
2017-12-03,13666.1
2017-12-04,13666.1
2017-12-05,13666.1
2017-12-06,13666.1
2017-12-07,13666.1
2017-12-08,13666.1
2017-12-09,13666.1
2017-12-10,13666.1
2017-12-11,13666.1
2017-12-12,13666.1
2017-12-13,13666.1
2017-12-14,13666.1
2017-12-15,13666.1
2017-12-16,13666.1
2017-12-17,13666.1
2017-12-18,13666.1
2017-12-19,13666.1
2017-12-20,13666.1
2017-12-21,13666.1
2017-12-22,13666.1
2017-12-23,13666.1
2017-12-24,13666.1
2017-12-25,13666.1
2017-12-26,13666.1
2017-12-27,13666.1
2017-12-28,13666.1
2017-12-29,13666.1
2017-12-30,13666.1
2017-12-31,13666.1
2018-01-01,13703.3
2018-01-02,13703.3
2018-01-03,13703.3
2018-01-04,13703.3
2018-01-05,13703.3
2018-01-06,13703.3
2018-01-07,13703.3
2018-01-08,13703.3
2018-01-09,13703.3
2018-01-10,13703.3
2018-01-11,13703.3
2018-01-12,13703.3
2018-01-13,13703.3
2018-01-14,13703.3
2018-01-15,13703.3
2018-01-16,13703.3
2018-01-17,13703.3
2018-01-18,13703.3
2018-01-19,13703.3
2018-01-20,13703.3
2018-01-21,13703.3
2018-01-22,13703.3
2018-01-23,13703.3
2018-01-24,13703.3
2018-01-25,13703.3
2018-01-26,13703.3
2018-01-27,13703.3
2018-01-28,13703.3
2018-01-29,13703.3
2018-01-30,13703.3
2018-01-31,13703.3
2018-02-01,13738.7
2018-02-02,13738.7
2018-02-03,13738.7
2018-02-04,13738.7
2018-02-05,13738.7
2018-02-06,13738.7
2018-02-07,13738.7
2018-02-08,13738.7
2018-02-09,13738.7
2018-02-10,13738.7
2018-02-11,13738.7
2018-02-12,13738.7
2018-02-13,13738.7
2018-02-14,13738.7
2018-02-15,13738.7
2018-02-16,13738.7
2018-02-17,13738.7
2018-02-18,13738.7
2018-02-19,13738.7
2018-02-20,13738.7
2018-02-21,13738.7
2018-02-22,13738.7
2018-02-23,13738.7
2018-02-24,13738.7
2018-02-25,13738.7
2018-02-26,13738.7
2018-02-27,13738.7
2018-02-28,13738.7
2018-03-01,13793.2
2018-03-02,13793.2
2018-03-03,13793.2
2018-03-04,13793.2
2018-03-05,13793.2
2018-03-06,13793.2
2018-03-07,13793.2
2018-03-08,13793.2
2018-03-09,13793.2
2018-03-10,13793.2
2018-03-11,13793.2
2018-03-12,13793.2
2018-03-13,13793.2
2018-03-14,13793.2
2018-03-15,13793.2
2018-03-16,13793.2
2018-03-17,13793.2
2018-03-18,13793.2
2018-03-19,13793.2
2018-03-20,13793.2
2018-03-21,13793.2
2018-03-22,13793.2
2018-03-23,13793.2
2018-03-24,13793.2
2018-03-25,13793.2
2018-03-26,13793.2
2018-03-27,13793.2
2018-03-28,13793.2
2018-03-29,13793.2
2018-03-30,13793.2
2018-03-31,13793.2
2018-04-01,13838.4
2018-04-02,13838.4
2018-04-03,13838.4
2018-04-04,13838.4
2018-04-05,13838.4
2018-04-06,13838.4
2018-04-07,13838.4
2018-04-08,13838.4
2018-04-09,13838.4
2018-04-10,13838.4
2018-04-11,13838.4
2018-04-12,13838.4
2018-04-13,13838.4
2018-04-14,13838.4
2018-04-15,13838.4
2018-04-16,13838.4
2018-04-17,13838.4
2018-04-18,13838.4
2018-04-19,13838.4
2018-04-20,13838.4
2018-04-21,13838.4
2018-04-22,13838.4
2018-04-23,13838.4
2018-04-24,13838.4
2018-04-25,13838.4
2018-04-26,13838.4
2018-04-27,13838.4
2018-04-28,13838.4
2018-04-29,13838.4
2018-04-30,13838.4
2018-05-01,13905.0
2018-05-02,13905.0
2018-05-03,13905.0
2018-05-04,13905.0
2018-05-05,13905.0
2018-05-06,13905.0
2018-05-07,13905.0
2018-05-08,13905.0
2018-05-09,13905.0
2018-05-10,13905.0
2018-05-11,13905.0
2018-05-12,13905.0
2018-05-13,13905.0
2018-05-14,13905.0
2018-05-15,13905.0
2018-05-16,13905.0
2018-05-17,13905.0
2018-05-18,13905.0
2018-05-19,13905.0
2018-05-20,13905.0
2018-05-21,13905.0
2018-05-22,13905.0
2018-05-23,13905.0
2018-05-24,13905.0
2018-05-25,13905.0
2018-05-26,13905.0
2018-05-27,13905.0
2018-05-28,13905.0
2018-05-29,13905.0
2018-05-30,13905.0
2018-05-31,13905.0
2018-06-01,13930.4
2018-06-02,13930.4
2018-06-03,13930.4
2018-06-04,13930.4
2018-06-05,13930.4
2018-06-06,13930.4
2018-06-07,13930.4
2018-06-08,13930.4
2018-06-09,13930.4
2018-06-10,13930.4
2018-06-11,13930.4
2018-06-12,13930.4
2018-06-13,13930.4
2018-06-14,13930.4
2018-06-15,13930.4
2018-06-16,13930.4
2018-06-17,13930.4
2018-06-18,13930.4
2018-06-19,13930.4
2018-06-20,13930.4
2018-06-21,13930.4
2018-06-22,13930.4
2018-06-23,13930.4
2018-06-24,13930.4
2018-06-25,13930.4
2018-06-26,13930.4
2018-06-27,13930.4
2018-06-28,13930.4
2018-06-29,13930.4
2018-06-30,13930.4
2018-07-01,13974.8
2018-07-02,13974.8
2018-07-03,13974.8
2018-07-04,13974.8
2018-07-05,13974.8
2018-07-06,13974.8
2018-07-07,13974.8
2018-07-08,13974.8
2018-07-09,13974.8
2018-07-10,13974.8
2018-07-11,13974.8
2018-07-12,13974.8
2018-07-13,13974.8
2018-07-14,13974.8
2018-07-15,13974.8
2018-07-16,13974.8
2018-07-17,13974.8
2018-07-18,13974.8
2018-07-19,13974.8
2018-07-20,13974.8
2018-07-21,13974.8
2018-07-22,13974.8
2018-07-23,13974.8
2018-07-24,13974.8
2018-07-25,13974.8
2018-07-26,13974.8
2018-07-27,13974.8
2018-07-28,13974.8
2018-07-29,13974.8
2018-07-30,13974.8
2018-07-31,13974.8
2018-08-01,14014.0
2018-08-02,14014.0
2018-08-03,14014.0
2018-08-04,14014.0
2018-08-05,14014.0
2018-08-06,14014.0
2018-08-07,14014.0
2018-08-08,14014.0
2018-08-09,14014.0
2018-08-10,14014.0
2018-08-11,14014.0
2018-08-12,14014.0
2018-08-13,14014.0
2018-08-14,14014.0
2018-08-15,14014.0
2018-08-16,14014.0
2018-08-17,14014.0
2018-08-18,14014.0
2018-08-19,14014.0
2018-08-20,14014.0
2018-08-21,14014.0
2018-08-22,14014.0
2018-08-23,14014.0
2018-08-24,14014.0
2018-08-25,14014.0
2018-08-26,14014.0
2018-08-27,14014.0
2018-08-28,14014.0
2018-08-29,14014.0
2018-08-30,14014.0
2018-08-31,14014.0
2018-09-01,14017.8
2018-09-02,14017.8
2018-09-03,14017.8
2018-09-04,14017.8
2018-09-05,14017.8
2018-09-06,14017.8
2018-09-07,14017.8
2018-09-08,14017.8
2018-09-09,14017.8
2018-09-10,14017.8
2018-09-11,14017.8
2018-09-12,14017.8
2018-09-13,14017.8
2018-09-14,14017.8
2018-09-15,14017.8
2018-09-16,14017.8
2018-09-17,14017.8
2018-09-18,14017.8
2018-09-19,14017.8
2018-09-20,14017.8
2018-09-21,14017.8
2018-09-22,14017.8
2018-09-23,14017.8
2018-09-24,14017.8
2018-09-25,14017.8
2018-09-26,14017.8
2018-09-27,14017.8
2018-09-28,14017.8
2018-09-29,14017.8
2018-09-30,14017.8
2018-10-01,14083.1
2018-10-02,14083.1
2018-10-03,14083.1
2018-10-04,14083.1
2018-10-05,14083.1
2018-10-06,14083.1
2018-10-07,14083.1
2018-10-08,14083.1
2018-10-09,14083.1
2018-10-10,14083.1
2018-10-11,14083.1
2018-10-12,14083.1
2018-10-13,14083.1
2018-10-14,14083.1
2018-10-15,14083.1
2018-10-16,14083.1
2018-10-17,14083.1
2018-10-18,14083.1
2018-10-19,14083.1
2018-10-20,14083.1
2018-10-21,14083.1
2018-10-22,14083.1
2018-10-23,14083.1
2018-10-24,14083.1
2018-10-25,14083.1
2018-10-26,14083.1
2018-10-27,14083.1
2018-10-28,14083.1
2018-10-29,14083.1
2018-10-30,14083.1
2018-10-31,14083.1
2018-11-01,14162.9
2018-11-02,14162.9
2018-11-03,14162.9
2018-11-04,14162.9
2018-11-05,14162.9
2018-11-06,14162.9
2018-11-07,14162.9
2018-11-08,14162.9
2018-11-09,14162.9
2018-11-10,14162.9
2018-11-11,14162.9
2018-11-12,14162.9
2018-11-13,14162.9
2018-11-14,14162.9
2018-11-15,14162.9
2018-11-16,14162.9
2018-11-17,14162.9
2018-11-18,14162.9
2018-11-19,14162.9
2018-11-20,14162.9
2018-11-21,14162.9
2018-11-22,14162.9
2018-11-23,14162.9
2018-11-24,14162.9
2018-11-25,14162.9
2018-11-26,14162.9
2018-11-27,14162.9
2018-11-28,14162.9
2018-11-29,14162.9
2018-11-30,14162.9
2018-12-01,14051.6
2018-12-02,14051.6
2018-12-03,14051.6
2018-12-04,14051.6
2018-12-05,14051.6
2018-12-06,14051.6
2018-12-07,14051.6
2018-12-08,14051.6
2018-12-09,14051.6
2018-12-10,14051.6
2018-12-11,14051.6
2018-12-12,14051.6
2018-12-13,14051.6
2018-12-14,14051.6
2018-12-15,14051.6
2018-12-16,14051.6
2018-12-17,14051.6
2018-12-18,14051.6
2018-12-19,14051.6
2018-12-20,14051.6
2018-12-21,14051.6
2018-12-22,14051.6
2018-12-23,14051.6
2018-12-24,14051.6
2018-12-25,14051.6
2018-12-26,14051.6
2018-12-27,14051.6
2018-12-28,14051.6
2018-12-29,14051.6
2018-12-30,14051.6
2018-12-31,14051.6
2019-01-01,14084.6
2019-01-02,14084.6
2019-01-03,14084.6
2019-01-04,14084.6
2019-01-05,14084.6
2019-01-06,14084.6
2019-01-07,14084.6
2019-01-08,14084.6
2019-01-09,14084.6
2019-01-10,14084.6
2019-01-11,14084.6
2019-01-12,14084.6
2019-01-13,14084.6
2019-01-14,14084.6
2019-01-15,14084.6
2019-01-16,14084.6
2019-01-17,14084.6
2019-01-18,14084.6
2019-01-19,14084.6
2019-01-20,14084.6
2019-01-21,14084.6
2019-01-22,14084.6
2019-01-23,14084.6
2019-01-24,14084.6
2019-01-25,14084.6
2019-01-26,14084.6
2019-01-27,14084.6
2019-01-28,14084.6
2019-01-29,14084.6
2019-01-30,14084.6
2019-01-31,14084.6
2019-02-01,14117.4
2019-02-02,14117.4
2019-02-03,14117.4
2019-02-04,14117.4
2019-02-05,14117.4
2019-02-06,14117.4
2019-02-07,14117.4
2019-02-08,14117.4
2019-02-09,14117.4
2019-02-10,14117.4
2019-02-11,14117.4
2019-02-12,14117.4
2019-02-13,14117.4
2019-02-14,14117.4
2019-02-15,14117.4
2019-02-16,14117.4
2019-02-17,14117.4
2019-02-18,14117.4
2019-02-19,14117.4
2019-02-20,14117.4
2019-02-21,14117.4
2019-02-22,14117.4
2019-02-23,14117.4
2019-02-24,14117.4
2019-02-25,14117.4
2019-02-26,14117.4
2019-02-27,14117.4
2019-02-28,14117.4
2019-03-01,14248.6
2019-03-02,14248.6
2019-03-03,14248.6
2019-03-04,14248.6
2019-03-05,14248.6
2019-03-06,14248.6
2019-03-07,14248.6
2019-03-08,14248.6
2019-03-09,14248.6
2019-03-10,14248.6
2019-03-11,14248.6
2019-03-12,14248.6
2019-03-13,14248.6
2019-03-14,14248.6
2019-03-15,14248.6
2019-03-16,14248.6
2019-03-17,14248.6
2019-03-18,14248.6
2019-03-19,14248.6
2019-03-20,14248.6
2019-03-21,14248.6
2019-03-22,14248.6
2019-03-23,14248.6
2019-03-24,14248.6
2019-03-25,14248.6
2019-03-26,14248.6
2019-03-27,14248.6
2019-03-28,14248.6
2019-03-29,14248.6
2019-03-30,14248.6
2019-03-31,14248.6
2019-04-01,14290.0
2019-04-02,14290.0
2019-04-03,14290.0
2019-04-04,14290.0
2019-04-05,14290.0
2019-04-06,14290.0
2019-04-07,14290.0
2019-04-08,14290.0
2019-04-09,14290.0
2019-04-10,14290.0
2019-04-11,14290.0
2019-04-12,14290.0
2019-04-13,14290.0
2019-04-14,14290.0
2019-04-15,14290.0
2019-04-16,14290.0
2019-04-17,14290.0
2019-04-18,14290.0
2019-04-19,14290.0
2019-04-20,14290.0
2019-04-21,14290.0
2019-04-22,14290.0
2019-04-23,14290.0
2019-04-24,14290.0
2019-04-25,14290.0
2019-04-26,14290.0
2019-04-27,14290.0
2019-04-28,14290.0
2019-04-29,14290.0
2019-04-30,14290.0
2019-05-01,14353.3
2019-05-02,14353.3
2019-05-03,14353.3
2019-05-04,14353.3
2019-05-05,14353.3
2019-05-06,14353.3
2019-05-07,14353.3
2019-05-08,14353.3
2019-05-09,14353.3
2019-05-10,14353.3
2019-05-11,14353.3
2019-05-12,14353.3
2019-05-13,14353.3
2019-05-14,14353.3
2019-05-15,14353.3
2019-05-16,14353.3
2019-05-17,14353.3
2019-05-18,14353.3
2019-05-19,14353.3
2019-05-20,14353.3
2019-05-21,14353.3
2019-05-22,14353.3
2019-05-23,14353.3
2019-05-24,14353.3
2019-05-25,14353.3
2019-05-26,14353.3
2019-05-27,14353.3
2019-05-28,14353.3
2019-05-29,14353.3
2019-05-30,14353.3
2019-05-31,14353.3
2019-06-01,14408.7
2019-06-02,14408.7
2019-06-03,14408.7
2019-06-04,14408.7
2019-06-05,14408.7
2019-06-06,14408.7
2019-06-07,14408.7
2019-06-08,14408.7
2019-06-09,14408.7
2019-06-10,14408.7
2019-06-11,14408.7
2019-06-12,14408.7
2019-06-13,14408.7
2019-06-14,14408.7
2019-06-15,14408.7
2019-06-16,14408.7
2019-06-17,14408.7
2019-06-18,14408.7
2019-06-19,14408.7
2019-06-20,14408.7
2019-06-21,14408.7
2019-06-22,14408.7
2019-06-23,14408.7
2019-06-24,14408.7
2019-06-25,14408.7
2019-06-26,14408.7
2019-06-27,14408.7
2019-06-28,14408.7
2019-06-29,14408.7
2019-06-30,14408.7
2019-07-01,14496.0
2019-07-02,14496.0
2019-07-03,14496.0
2019-07-04,14496.0
2019-07-05,14496.0
2019-07-06,14496.0
2019-07-07,14496.0
2019-07-08,14496.0
2019-07-09,14496.0
2019-07-10,14496.0
2019-07-11,14496.0
2019-07-12,14496.0
2019-07-13,14496.0
2019-07-14,14496.0
2019-07-15,14496.0
2019-07-16,14496.0
2019-07-17,14496.0
2019-07-18,14496.0
2019-07-19,14496.0
2019-07-20,14496.0
2019-07-21,14496.0
2019-07-22,14496.0
2019-07-23,14496.0
2019-07-24,14496.0
2019-07-25,14496.0
2019-07-26,14496.0
2019-07-27,14496.0
2019-07-28,14496.0
2019-07-29,14496.0
2019-07-30,14496.0
2019-07-31,14496.0
2019-08-01,14558.2
2019-08-02,14558.2
2019-08-03,14558.2
2019-08-04,14558.2
2019-08-05,14558.2
2019-08-06,14558.2
2019-08-07,14558.2
2019-08-08,14558.2
2019-08-09,14558.2
2019-08-10,14558.2
2019-08-11,14558.2
2019-08-12,14558.2
2019-08-13,14558.2
2019-08-14,14558.2
2019-08-15,14558.2
2019-08-16,14558.2
2019-08-17,14558.2
2019-08-18,14558.2
2019-08-19,14558.2
2019-08-20,14558.2
2019-08-21,14558.2
2019-08-22,14558.2
2019-08-23,14558.2
2019-08-24,14558.2
2019-08-25,14558.2
2019-08-26,14558.2
2019-08-27,14558.2
2019-08-28,14558.2
2019-08-29,14558.2
2019-08-30,14558.2
2019-08-31,14558.2
2019-09-01,14590.6
2019-09-02,14590.6
2019-09-03,14590.6
2019-09-04,14590.6
2019-09-05,14590.6
2019-09-06,14590.6
2019-09-07,14590.6
2019-09-08,14590.6
2019-09-09,14590.6
2019-09-10,14590.6
2019-09-11,14590.6
2019-09-12,14590.6
2019-09-13,14590.6
2019-09-14,14590.6
2019-09-15,14590.6
2019-09-16,14590.6
2019-09-17,14590.6
2019-09-18,14590.6
2019-09-19,14590.6
2019-09-20,14590.6
2019-09-21,14590.6
2019-09-22,14590.6
2019-09-23,14590.6
2019-09-24,14590.6
2019-09-25,14590.6
2019-09-26,14590.6
2019-09-27,14590.6
2019-09-28,14590.6
2019-09-29,14590.6
2019-09-30,14590.6
2019-10-01,14617.4
2019-10-02,14617.4
2019-10-03,14617.4
2019-10-04,14617.4
2019-10-05,14617.4
2019-10-06,14617.4
2019-10-07,14617.4
2019-10-08,14617.4
2019-10-09,14617.4
2019-10-10,14617.4
2019-10-11,14617.4
2019-10-12,14617.4
2019-10-13,14617.4
2019-10-14,14617.4
2019-10-15,14617.4
2019-10-16,14617.4
2019-10-17,14617.4
2019-10-18,14617.4
2019-10-19,14617.4
2019-10-20,14617.4
2019-10-21,14617.4
2019-10-22,14617.4
2019-10-23,14617.4
2019-10-24,14617.4
2019-10-25,14617.4
2019-10-26,14617.4
2019-10-27,14617.4
2019-10-28,14617.4
2019-10-29,14617.4
2019-10-30,14617.4
2019-10-31,14617.4
2019-11-01,14711.0
2019-11-02,14711.0
2019-11-03,14711.0
2019-11-04,14711.0
2019-11-05,14711.0
2019-11-06,14711.0
2019-11-07,14711.0
2019-11-08,14711.0
2019-11-09,14711.0
2019-11-10,14711.0
2019-11-11,14711.0
2019-11-12,14711.0
2019-11-13,14711.0
2019-11-14,14711.0
2019-11-15,14711.0
2019-11-16,14711.0
2019-11-17,14711.0
2019-11-18,14711.0
2019-11-19,14711.0
2019-11-20,14711.0
2019-11-21,14711.0
2019-11-22,14711.0
2019-11-23,14711.0
2019-11-24,14711.0
2019-11-25,14711.0
2019-11-26,14711.0
2019-11-27,14711.0
2019-11-28,14711.0
2019-11-29,14711.0
2019-11-30,14711.0
2019-12-01,14774.8
2019-12-02,14774.8
2019-12-03,14774.8
2019-12-04,14774.8
2019-12-05,14774.8
2019-12-06,14774.8
2019-12-07,14774.8
2019-12-08,14774.8
2019-12-09,14774.8
2019-12-10,14774.8
2019-12-11,14774.8
2019-12-12,14774.8
2019-12-13,14774.8
2019-12-14,14774.8
2019-12-15,14774.8
2019-12-16,14774.8
2019-12-17,14774.8
2019-12-18,14774.8
2019-12-19,14774.8
2019-12-20,14774.8
2019-12-21,14774.8
2019-12-22,14774.8
2019-12-23,14774.8
2019-12-24,14774.8
2019-12-25,14774.8
2019-12-26,14774.8
2019-12-27,14774.8
2019-12-28,14774.8
2019-12-29,14774.8
2019-12-30,14774.8
2019-12-31,14774.8
2020-01-01,14868.3
2020-01-02,14868.3
2020-01-03,14868.3
2020-01-04,14868.3
2020-01-05,14868.3
2020-01-06,14868.3
2020-01-07,14868.3
2020-01-08,14868.3
2020-01-09,14868.3
2020-01-10,14868.3
2020-01-11,14868.3
2020-01-12,14868.3
2020-01-13,14868.3
2020-01-14,14868.3
2020-01-15,14868.3
2020-01-16,14868.3
2020-01-17,14868.3
2020-01-18,14868.3
2020-01-19,14868.3
2020-01-20,14868.3
2020-01-21,14868.3
2020-01-22,14868.3
2020-01-23,14868.3
2020-01-24,14868.3
2020-01-25,14868.3
2020-01-26,14868.3
2020-01-27,14868.3
2020-01-28,14868.3
2020-01-29,14868.3
2020-01-30,14868.3
2020-01-31,14868.3
2020-02-01,14828.1
2020-02-02,14828.1
2020-02-03,14828.1
2020-02-04,14828.1
2020-02-05,14828.1
2020-02-06,14828.1
2020-02-07,14828.1
2020-02-08,14828.1
2020-02-09,14828.1
2020-02-10,14828.1
2020-02-11,14828.1
2020-02-12,14828.1
2020-02-13,14828.1
2020-02-14,14828.1
2020-02-15,14828.1
2020-02-16,14828.1
2020-02-17,14828.1
2020-02-18,14828.1
2020-02-19,14828.1
2020-02-20,14828.1
2020-02-21,14828.1
2020-02-22,14828.1
2020-02-23,14828.1
2020-02-24,14828.1
2020-02-25,14828.1
2020-02-26,14828.1
2020-02-27,14828.1
2020-02-28,14828.1
2020-02-29,14828.1
2020-03-01,13812.8
2020-03-02,13812.8
2020-03-03,13812.8
2020-03-04,13812.8
2020-03-05,13812.8
2020-03-06,13812.8
2020-03-07,13812.8
2020-03-08,13812.8
2020-03-09,13812.8
2020-03-10,13812.8
2020-03-11,13812.8
2020-03-12,13812.8
2020-03-13,13812.8
2020-03-14,13812.8
2020-03-15,13812.8
2020-03-16,13812.8
2020-03-17,13812.8
2020-03-18,13812.8
2020-03-19,13812.8
2020-03-20,13812.8
2020-03-21,13812.8
2020-03-22,13812.8
2020-03-23,13812.8
2020-03-24,13812.8
2020-03-25,13812.8
2020-03-26,13812.8
2020-03-27,13812.8
2020-03-28,13812.8
2020-03-29,13812.8
2020-03-30,13812.8
2020-03-31,13812.8
2020-04-01,12249.2
2020-04-02,12249.2
2020-04-03,12249.2
2020-04-04,12249.2
2020-04-05,12249.2
2020-04-06,12249.2
2020-04-07,12249.2
2020-04-08,12249.2
2020-04-09,12249.2
2020-04-10,12249.2
2020-04-11,12249.2
2020-04-12,12249.2
2020-04-13,12249.2
2020-04-14,12249.2
2020-04-15,12249.2
2020-04-16,12249.2
2020-04-17,12249.2
2020-04-18,12249.2
2020-04-19,12249.2
2020-04-20,12249.2
2020-04-21,12249.2
2020-04-22,12249.2
2020-04-23,12249.2
2020-04-24,12249.2
2020-04-25,12249.2
2020-04-26,12249.2
2020-04-27,12249.2
2020-04-28,12249.2
2020-04-29,12249.2
2020-04-30,12249.2
2020-05-01,13281.5
2020-05-02,13281.5
2020-05-03,13281.5
2020-05-04,13281.5
2020-05-05,13281.5
2020-05-06,13281.5
2020-05-07,13281.5
2020-05-08,13281.5
2020-05-09,13281.5
2020-05-10,13281.5
2020-05-11,13281.5
2020-05-12,13281.5
2020-05-13,13281.5
2020-05-14,13281.5
2020-05-15,13281.5
2020-05-16,13281.5
2020-05-17,13281.5
2020-05-18,13281.5
2020-05-19,13281.5
2020-05-20,13281.5
2020-05-21,13281.5
2020-05-22,13281.5
2020-05-23,13281.5
2020-05-24,13281.5
2020-05-25,13281.5
2020-05-26,13281.5
2020-05-27,13281.5
2020-05-28,13281.5
2020-05-29,13281.5
2020-05-30,13281.5
2020-05-31,13281.5
2020-06-01,14049.2
2020-06-02,14049.2
2020-06-03,14049.2
2020-06-04,14049.2
2020-06-05,14049.2
2020-06-06,14049.2
2020-06-07,14049.2
2020-06-08,14049.2
2020-06-09,14049.2
2020-06-10,14049.2
2020-06-11,14049.2
2020-06-12,14049.2
2020-06-13,14049.2
2020-06-14,14049.2
2020-06-15,14049.2
2020-06-16,14049.2
2020-06-17,14049.2
2020-06-18,14049.2
2020-06-19,14049.2
2020-06-20,14049.2
2020-06-21,14049.2
2020-06-22,14049.2
2020-06-23,14049.2
2020-06-24,14049.2
2020-06-25,14049.2
2020-06-26,14049.2
2020-06-27,14049.2
2020-06-28,14049.2
2020-06-29,14049.2
2020-06-30,14049.2
2020-07-01,14307.2
2020-07-02,14307.2
2020-07-03,14307.2
2020-07-04,14307.2
2020-07-05,14307.2
2020-07-06,14307.2
2020-07-07,14307.2
2020-07-08,14307.2
2020-07-09,14307.2
2020-07-10,14307.2
2020-07-11,14307.2
2020-07-12,14307.2
2020-07-13,14307.2
2020-07-14,14307.2
2020-07-15,14307.2
2020-07-16,14307.2
2020-07-17,14307.2
2020-07-18,14307.2
2020-07-19,14307.2
2020-07-20,14307.2
2020-07-21,14307.2
2020-07-22,14307.2
2020-07-23,14307.2
2020-07-24,14307.2
2020-07-25,14307.2
2020-07-26,14307.2
2020-07-27,14307.2
2020-07-28,14307.2
2020-07-29,14307.2
2020-07-30,14307.2
2020-07-31,14307.2
2020-08-01,14462.2
2020-08-02,14462.2
2020-08-03,14462.2
2020-08-04,14462.2
2020-08-05,14462.2
2020-08-06,14462.2
2020-08-07,14462.2
2020-08-08,14462.2
2020-08-09,14462.2
2020-08-10,14462.2
2020-08-11,14462.2
2020-08-12,14462.2
2020-08-13,14462.2
2020-08-14,14462.2
2020-08-15,14462.2
2020-08-16,14462.2
2020-08-17,14462.2
2020-08-18,14462.2
2020-08-19,14462.2
2020-08-20,14462.2
2020-08-21,14462.2
2020-08-22,14462.2
2020-08-23,14462.2
2020-08-24,14462.2
2020-08-25,14462.2
2020-08-26,14462.2
2020-08-27,14462.2
2020-08-28,14462.2
2020-08-29,14462.2
2020-08-30,14462.2
2020-08-31,14462.2
2020-09-01,14668.1
2020-09-02,14668.1
2020-09-03,14668.1
2020-09-04,14668.1
2020-09-05,14668.1
2020-09-06,14668.1
2020-09-07,14668.1
2020-09-08,14668.1
2020-09-09,14668.1
2020-09-10,14668.1
2020-09-11,14668.1
2020-09-12,14668.1
2020-09-13,14668.1
2020-09-14,14668.1
2020-09-15,14668.1
2020-09-16,14668.1
2020-09-17,14668.1
2020-09-18,14668.1
2020-09-19,14668.1
2020-09-20,14668.1
2020-09-21,14668.1
2020-09-22,14668.1
2020-09-23,14668.1
2020-09-24,14668.1
2020-09-25,14668.1
2020-09-26,14668.1
2020-09-27,14668.1
2020-09-28,14668.1
2020-09-29,14668.1
2020-09-30,14668.1
2020-10-01,14725.8
2020-10-02,14725.8
2020-10-03,14725.8
2020-10-04,14725.8
2020-10-05,14725.8
2020-10-06,14725.8
2020-10-07,14725.8
2020-10-08,14725.8
2020-10-09,14725.8
2020-10-10,14725.8
2020-10-11,14725.8
2020-10-12,14725.8
2020-10-13,14725.8
2020-10-14,14725.8
2020-10-15,14725.8
2020-10-16,14725.8
2020-10-17,14725.8
2020-10-18,14725.8
2020-10-19,14725.8
2020-10-20,14725.8
2020-10-21,14725.8
2020-10-22,14725.8
2020-10-23,14725.8
2020-10-24,14725.8
2020-10-25,14725.8
2020-10-26,14725.8
2020-10-27,14725.8
2020-10-28,14725.8
2020-10-29,14725.8
2020-10-30,14725.8
2020-10-31,14725.8
2020-11-01,14701.6
2020-11-02,14701.6
2020-11-03,14701.6
2020-11-04,14701.6
2020-11-05,14701.6
2020-11-06,14701.6
2020-11-07,14701.6
2020-11-08,14701.6
2020-11-09,14701.6
2020-11-10,14701.6
2020-11-11,14701.6
2020-11-12,14701.6
2020-11-13,14701.6
2020-11-14,14701.6
2020-11-15,14701.6
2020-11-16,14701.6
2020-11-17,14701.6
2020-11-18,14701.6
2020-11-19,14701.6
2020-11-20,14701.6
2020-11-21,14701.6
2020-11-22,14701.6
2020-11-23,14701.6
2020-11-24,14701.6
2020-11-25,14701.6
2020-11-26,14701.6
2020-11-27,14701.6
2020-11-28,14701.6
2020-11-29,14701.6
2020-11-30,14701.6
2020-12-01,14822.0
2020-12-02,14822.0
2020-12-03,14822.0
2020-12-04,14822.0
2020-12-05,14822.0
2020-12-06,14822.0
2020-12-07,14822.0
2020-12-08,14822.0
2020-12-09,14822.0
2020-12-10,14822.0
2020-12-11,14822.0
2020-12-12,14822.0
2020-12-13,14822.0
2020-12-14,14822.0
2020-12-15,14822.0
2020-12-16,14822.0
2020-12-17,14822.0
2020-12-18,14822.0
2020-12-19,14822.0
2020-12-20,14822.0
2020-12-21,14822.0
2020-12-22,14822.0
2020-12-23,14822.0
2020-12-24,14822.0
2020-12-25,14822.0
2020-12-26,14822.0
2020-12-27,14822.0
2020-12-28,14822.0
2020-12-29,14822.0
2020-12-30,14822.0
2020-12-31,14822.0
2021-01-01,15073.0
2021-01-02,15073.0
2021-01-03,15073.0
2021-01-04,15073.0
2021-01-05,15073.0
2021-01-06,15073.0
2021-01-07,15073.0
2021-01-08,15073.0
2021-01-09,15073.0
2021-01-10,15073.0
2021-01-11,15073.0
2021-01-12,15073.0
2021-01-13,15073.0
2021-01-14,15073.0
2021-01-15,15073.0
2021-01-16,15073.0
2021-01-17,15073.0
2021-01-18,15073.0
2021-01-19,15073.0
2021-01-20,15073.0
2021-01-21,15073.0
2021-01-22,15073.0
2021-01-23,15073.0
2021-01-24,15073.0
2021-01-25,15073.0
2021-01-26,15073.0
2021-01-27,15073.0
2021-01-28,15073.0
2021-01-29,15073.0
2021-01-30,15073.0
2021-01-31,15073.0
2021-02-01,14983.5
2021-02-02,14983.5
2021-02-03,14983.5
2021-02-04,14983.5
2021-02-05,14983.5
2021-02-06,14983.5
2021-02-07,14983.5
2021-02-08,14983.5
2021-02-09,14983.5
2021-02-10,14983.5
2021-02-11,14983.5
2021-02-12,14983.5
2021-02-13,14983.5
2021-02-14,14983.5
2021-02-15,14983.5
2021-02-16,14983.5
2021-02-17,14983.5
2021-02-18,14983.5
2021-02-19,14983.5
2021-02-20,14983.5
2021-02-21,14983.5
2021-02-22,14983.5
2021-02-23,14983.5
2021-02-24,14983.5
2021-02-25,14983.5
2021-02-26,14983.5
2021-02-27,14983.5
2021-02-28,14983.5
2021-03-01,15709.7
2021-03-02,15709.7
2021-03-03,15709.7
2021-03-04,15709.7
2021-03-05,15709.7
2021-03-06,15709.7
2021-03-07,15709.7
2021-03-08,15709.7
2021-03-09,15709.7
2021-03-10,15709.7
2021-03-11,15709.7
2021-03-12,15709.7
2021-03-13,15709.7
2021-03-14,15709.7
2021-03-15,15709.7
2021-03-16,15709.7
2021-03-17,15709.7
2021-03-18,15709.7
2021-03-19,15709.7
2021-03-20,15709.7
2021-03-21,15709.7
2021-03-22,15709.7
2021-03-23,15709.7
2021-03-24,15709.7
2021-03-25,15709.7
2021-03-26,15709.7
2021-03-27,15709.7
2021-03-28,15709.7
2021-03-29,15709.7
2021-03-30,15709.7
2021-03-31,15709.7
2021-04-01,15917.5
2021-04-02,15917.5
2021-04-03,15917.5
2021-04-04,15917.5
2021-04-05,15917.5
2021-04-06,15917.5
2021-04-07,15917.5
2021-04-08,15917.5
2021-04-09,15917.5
2021-04-10,15917.5
2021-04-11,15917.5
2021-04-12,15917.5
2021-04-13,15917.5
2021-04-14,15917.5
2021-04-15,15917.5
2021-04-16,15917.5
2021-04-17,15917.5
2021-04-18,15917.5
2021-04-19,15917.5
2021-04-20,15917.5
2021-04-21,15917.5
2021-04-22,15917.5
2021-04-23,15917.5
2021-04-24,15917.5
2021-04-25,15917.5
2021-04-26,15917.5
2021-04-27,15917.5
2021-04-28,15917.5
2021-04-29,15917.5
2021-04-30,15917.5
2021-05-01,15973.5
2021-05-02,15973.5
2021-05-03,15973.5
2021-05-04,15973.5
2021-05-05,15973.5
2021-05-06,15973.5
2021-05-07,15973.5
2021-05-08,15973.5
2021-05-09,15973.5
2021-05-10,15973.5
2021-05-11,15973.5
2021-05-12,15973.5
2021-05-13,15973.5
2021-05-14,15973.5
2021-05-15,15973.5
2021-05-16,15973.5
2021-05-17,15973.5
2021-05-18,15973.5
2021-05-19,15973.5
2021-05-20,15973.5
2021-05-21,15973.5
2021-05-22,15973.5
2021-05-23,15973.5
2021-05-24,15973.5
2021-05-25,15973.5
2021-05-26,15973.5
2021-05-27,15973.5
2021-05-28,15973.5
2021-05-29,15973.5
2021-05-30,15973.5
2021-05-31,15973.5
2021-06-01,16191.7
2021-06-02,16191.7
2021-06-03,16191.7
2021-06-04,16191.7
2021-06-05,16191.7
2021-06-06,16191.7
2021-06-07,16191.7
2021-06-08,16191.7
2021-06-09,16191.7
2021-06-10,16191.7
2021-06-11,16191.7
2021-06-12,16191.7
2021-06-13,16191.7
2021-06-14,16191.7
2021-06-15,16191.7
2021-06-16,16191.7
2021-06-17,16191.7
2021-06-18,16191.7
2021-06-19,16191.7
2021-06-20,16191.7
2021-06-21,16191.7
2021-06-22,16191.7
2021-06-23,16191.7
2021-06-24,16191.7
2021-06-25,16191.7
2021-06-26,16191.7
2021-06-27,16191.7
2021-06-28,16191.7
2021-06-29,16191.7
2021-06-30,16191.7
2021-07-01,16239.7
2021-07-02,16239.7
2021-07-03,16239.7
2021-07-04,16239.7
2021-07-05,16239.7
2021-07-06,16239.7
2021-07-07,16239.7
2021-07-08,16239.7
2021-07-09,16239.7
2021-07-10,16239.7
2021-07-11,16239.7
2021-07-12,16239.7
2021-07-13,16239.7
2021-07-14,16239.7
2021-07-15,16239.7
2021-07-16,16239.7
2021-07-17,16239.7
2021-07-18,16239.7
2021-07-19,16239.7
2021-07-20,16239.7
2021-07-21,16239.7
2021-07-22,16239.7
2021-07-23,16239.7
2021-07-24,16239.7
2021-07-25,16239.7
2021-07-26,16239.7
2021-07-27,16239.7
2021-07-28,16239.7
2021-07-29,16239.7
2021-07-30,16239.7
2021-07-31,16239.7
2021-08-01,16412.9
2021-08-02,16412.9
2021-08-03,16412.9
2021-08-04,16412.9
2021-08-05,16412.9
2021-08-06,16412.9
2021-08-07,16412.9
2021-08-08,16412.9
2021-08-09,16412.9
2021-08-10,16412.9
2021-08-11,16412.9
2021-08-12,16412.9
2021-08-13,16412.9
2021-08-14,16412.9
2021-08-15,16412.9
2021-08-16,16412.9
2021-08-17,16412.9
2021-08-18,16412.9
2021-08-19,16412.9
2021-08-20,16412.9
2021-08-21,16412.9
2021-08-22,16412.9
2021-08-23,16412.9
2021-08-24,16412.9
2021-08-25,16412.9
2021-08-26,16412.9
2021-08-27,16412.9
2021-08-28,16412.9
2021-08-29,16412.9
2021-08-30,16412.9
2021-08-31,16412.9
2021-09-01,16489.6
2021-09-02,16489.6
2021-09-03,16489.6
2021-09-04,16489.6
2021-09-05,16489.6
2021-09-06,16489.6
2021-09-07,16489.6
2021-09-08,16489.6
2021-09-09,16489.6
2021-09-10,16489.6
2021-09-11,16489.6
2021-09-12,16489.6
2021-09-13,16489.6
2021-09-14,16489.6
2021-09-15,16489.6
2021-09-16,16489.6
2021-09-17,16489.6
2021-09-18,16489.6
2021-09-19,16489.6
2021-09-20,16489.6
2021-09-21,16489.6
2021-09-22,16489.6
2021-09-23,16489.6
2021-09-24,16489.6
2021-09-25,16489.6
2021-09-26,16489.6
2021-09-27,16489.6
2021-09-28,16489.6
2021-09-29,16489.6
2021-09-30,16489.6
2021-10-01,16704.2
2021-10-02,16704.2
2021-10-03,16704.2
2021-10-04,16704.2
2021-10-05,16704.2
2021-10-06,16704.2
2021-10-07,16704.2
2021-10-08,16704.2
2021-10-09,16704.2
2021-10-10,16704.2
2021-10-11,16704.2
2021-10-12,16704.2
2021-10-13,16704.2
2021-10-14,16704.2
2021-10-15,16704.2
2021-10-16,16704.2
2021-10-17,16704.2
2021-10-18,16704.2
2021-10-19,16704.2
2021-10-20,16704.2
2021-10-21,16704.2
2021-10-22,16704.2
2021-10-23,16704.2
2021-10-24,16704.2
2021-10-25,16704.2
2021-10-26,16704.2
2021-10-27,16704.2
2021-10-28,16704.2
2021-10-29,16704.2
2021-10-30,16704.2
2021-10-31,16704.2
2021-11-01,16849.8
2021-11-02,16849.8
2021-11-03,16849.8
2021-11-04,16849.8
2021-11-05,16849.8
2021-11-06,16849.8
2021-11-07,16849.8
2021-11-08,16849.8
2021-11-09,16849.8
2021-11-10,16849.8
2021-11-11,16849.8
2021-11-12,16849.8
2021-11-13,16849.8
2021-11-14,16849.8
2021-11-15,16849.8
2021-11-16,16849.8
2021-11-17,16849.8
2021-11-18,16849.8
2021-11-19,16849.8
2021-11-20,16849.8
2021-11-21,16849.8
2021-11-22,16849.8
2021-11-23,16849.8
2021-11-24,16849.8
2021-11-25,16849.8
2021-11-26,16849.8
2021-11-27,16849.8
2021-11-28,16849.8
2021-11-29,16849.8
2021-11-30,16849.8
2021-12-01,16891.0
2021-12-02,16891.0
2021-12-03,16891.0
2021-12-04,16891.0
2021-12-05,16891.0
2021-12-06,16891.0
2021-12-07,16891.0
2021-12-08,16891.0
2021-12-09,16891.0
2021-12-10,16891.0
2021-12-11,16891.0
2021-12-12,16891.0
2021-12-13,16891.0
2021-12-14,16891.0
2021-12-15,16891.0
2021-12-16,16891.0
2021-12-17,16891.0
2021-12-18,16891.0
2021-12-19,16891.0
2021-12-20,16891.0
2021-12-21,16891.0
2021-12-22,16891.0
2021-12-23,16891.0
2021-12-24,16891.0
2021-12-25,16891.0
2021-12-26,16891.0
2021-12-27,16891.0
2021-12-28,16891.0
2021-12-29,16891.0
2021-12-30,16891.0
2021-12-31,16891.0
2022-01-01,16993.8
2022-01-02,16993.8
2022-01-03,16993.8
2022-01-04,16993.8
2022-01-05,16993.8
2022-01-06,16993.8
2022-01-07,16993.8
2022-01-08,16993.8
2022-01-09,16993.8
2022-01-10,16993.8
2022-01-11,16993.8
2022-01-12,16993.8
2022-01-13,16993.8
2022-01-14,16993.8
2022-01-15,16993.8
2022-01-16,16993.8
2022-01-17,16993.8
2022-01-18,16993.8
2022-01-19,16993.8
2022-01-20,16993.8
2022-01-21,16993.8
2022-01-22,16993.8
2022-01-23,16993.8
2022-01-24,16993.8
2022-01-25,16993.8
2022-01-26,16993.8
2022-01-27,16993.8
2022-01-28,16993.8
2022-01-29,16993.8
2022-01-30,16993.8
2022-01-31,16993.8
2022-02-01,17106.0
2022-02-02,17106.0
2022-02-03,17106.0
2022-02-04,17106.0
2022-02-05,17106.0
2022-02-06,17106.0
2022-02-07,17106.0
2022-02-08,17106.0
2022-02-09,17106.0
2022-02-10,17106.0
2022-02-11,17106.0
2022-02-12,17106.0
2022-02-13,17106.0
2022-02-14,17106.0
2022-02-15,17106.0
2022-02-16,17106.0
2022-02-17,17106.0
2022-02-18,17106.0
2022-02-19,17106.0
2022-02-20,17106.0
2022-02-21,17106.0
2022-02-22,17106.0
2022-02-23,17106.0
2022-02-24,17106.0
2022-02-25,17106.0
2022-02-26,17106.0
2022-02-27,17106.0
2022-02-28,17106.0
2022-03-01,17347.2
2022-03-02,17347.2
2022-03-03,17347.2
2022-03-04,17347.2
2022-03-05,17347.2
2022-03-06,17347.2
2022-03-07,17347.2
2022-03-08,17347.2
2022-03-09,17347.2
2022-03-10,17347.2
2022-03-11,17347.2
2022-03-12,17347.2
2022-03-13,17347.2
2022-03-14,17347.2
2022-03-15,17347.2
2022-03-16,17347.2
2022-03-17,17347.2
2022-03-18,17347.2
2022-03-19,17347.2
2022-03-20,17347.2
2022-03-21,17347.2
2022-03-22,17347.2
2022-03-23,17347.2
2022-03-24,17347.2
2022-03-25,17347.2
2022-03-26,17347.2
2022-03-27,17347.2
2022-03-28,17347.2
2022-03-29,17347.2
2022-03-30,17347.2
2022-03-31,17347.2
2022-04-01,17490.0
2022-04-02,17490.0
2022-04-03,17490.0
2022-04-04,17490.0
2022-04-05,17490.0
2022-04-06,17490.0
2022-04-07,17490.0
2022-04-08,17490.0
2022-04-09,17490.0
2022-04-10,17490.0
2022-04-11,17490.0
2022-04-12,17490.0
2022-04-13,17490.0
2022-04-14,17490.0
2022-04-15,17490.0
2022-04-16,17490.0
2022-04-17,17490.0
2022-04-18,17490.0
2022-04-19,17490.0
2022-04-20,17490.0
2022-04-21,17490.0
2022-04-22,17490.0
2022-04-23,17490.0
2022-04-24,17490.0
2022-04-25,17490.0
2022-04-26,17490.0
2022-04-27,17490.0
2022-04-28,17490.0
2022-04-29,17490.0
2022-04-30,17490.0
2022-05-01,17574.5
2022-05-02,17574.5
2022-05-03,17574.5
2022-05-04,17574.5
2022-05-05,17574.5
2022-05-06,17574.5
2022-05-07,17574.5
2022-05-08,17574.5
2022-05-09,17574.5
2022-05-10,17574.5
2022-05-11,17574.5
2022-05-12,17574.5
2022-05-13,17574.5
2022-05-14,17574.5
2022-05-15,17574.5
2022-05-16,17574.5
2022-05-17,17574.5
2022-05-18,17574.5
2022-05-19,17574.5
2022-05-20,17574.5
2022-05-21,17574.5
2022-05-22,17574.5
2022-05-23,17574.5
2022-05-24,17574.5
2022-05-25,17574.5
2022-05-26,17574.5
2022-05-27,17574.5
2022-05-28,17574.5
2022-05-29,17574.5
2022-05-30,17574.5
2022-05-31,17574.5
2022-06-01,17755.2
2022-06-02,17755.2
2022-06-03,17755.2
2022-06-04,17755.2
2022-06-05,17755.2
2022-06-06,17755.2
2022-06-07,17755.2
2022-06-08,17755.2
2022-06-09,17755.2
2022-06-10,17755.2
2022-06-11,17755.2
2022-06-12,17755.2
2022-06-13,17755.2
2022-06-14,17755.2
2022-06-15,17755.2
2022-06-16,17755.2
2022-06-17,17755.2
2022-06-18,17755.2
2022-06-19,17755.2
2022-06-20,17755.2
2022-06-21,17755.2
2022-06-22,17755.2
2022-06-23,17755.2
2022-06-24,17755.2
2022-06-25,17755.2
2022-06-26,17755.2
2022-06-27,17755.2
2022-06-28,17755.2
2022-06-29,17755.2
2022-06-30,17755.2
2022-07-01,17770.1
2022-07-02,17770.1
2022-07-03,17770.1
2022-07-04,17770.1
2022-07-05,17770.1
2022-07-06,17770.1
2022-07-07,17770.1
2022-07-08,17770.1
2022-07-09,17770.1
2022-07-10,17770.1
2022-07-11,17770.1
2022-07-12,17770.1
2022-07-13,17770.1
2022-07-14,17770.1
2022-07-15,17770.1
2022-07-16,17770.1
2022-07-17,17770.1
2022-07-18,17770.1
2022-07-19,17770.1
2022-07-20,17770.1
2022-07-21,17770.1
2022-07-22,17770.1
2022-07-23,17770.1
2022-07-24,17770.1
2022-07-25,17770.1
2022-07-26,17770.1
2022-07-27,17770.1
2022-07-28,17770.1
2022-07-29,17770.1
2022-07-30,17770.1
2022-07-31,17770.1
2022-08-01,17916.5
2022-08-02,17916.5
2022-08-03,17916.5
2022-08-04,17916.5
2022-08-05,17916.5
2022-08-06,17916.5
2022-08-07,17916.5
2022-08-08,17916.5
2022-08-09,17916.5
2022-08-10,17916.5
2022-08-11,17916.5
2022-08-12,17916.5
2022-08-13,17916.5
2022-08-14,17916.5
2022-08-15,17916.5
2022-08-16,17916.5
2022-08-17,17916.5
2022-08-18,17916.5
2022-08-19,17916.5
2022-08-20,17916.5
2022-08-21,17916.5
2022-08-22,17916.5
2022-08-23,17916.5
2022-08-24,17916.5
2022-08-25,17916.5
2022-08-26,17916.5
2022-08-27,17916.5
2022-08-28,17916.5
2022-08-29,17916.5
2022-08-30,17916.5
2022-08-31,17916.5
2022-09-01,17992.8
2022-09-02,17992.8
2022-09-03,17992.8
2022-09-04,17992.8
2022-09-05,17992.8
2022-09-06,17992.8
2022-09-07,17992.8
2022-09-08,17992.8
2022-09-09,17992.8
2022-09-10,17992.8
2022-09-11,17992.8
2022-09-12,17992.8
2022-09-13,17992.8
2022-09-14,17992.8
2022-09-15,17992.8
2022-09-16,17992.8
2022-09-17,17992.8
2022-09-18,17992.8
2022-09-19,17992.8
2022-09-20,17992.8
2022-09-21,17992.8
2022-09-22,17992.8
2022-09-23,17992.8
2022-09-24,17992.8
2022-09-25,17992.8
2022-09-26,17992.8
2022-09-27,17992.8
2022-09-28,17992.8
2022-09-29,17992.8
2022-09-30,17992.8
2022-10-01,18109.6
2022-10-02,18109.6
2022-10-03,18109.6
2022-10-04,18109.6
2022-10-05,18109.6
2022-10-06,18109.6
2022-10-07,18109.6
2022-10-08,18109.6
2022-10-09,18109.6
2022-10-10,18109.6
2022-10-11,18109.6
2022-10-12,18109.6
2022-10-13,18109.6
2022-10-14,18109.6
2022-10-15,18109.6
2022-10-16,18109.6
2022-10-17,18109.6
2022-10-18,18109.6
2022-10-19,18109.6
2022-10-20,18109.6
2022-10-21,18109.6
2022-10-22,18109.6
2022-10-23,18109.6
2022-10-24,18109.6
2022-10-25,18109.6
2022-10-26,18109.6
2022-10-27,18109.6
2022-10-28,18109.6
2022-10-29,18109.6
2022-10-30,18109.6
2022-10-31,18109.6
2022-11-01,18108.0
2022-11-02,18108.0
2022-11-03,18108.0
2022-11-04,18108.0
2022-11-05,18108.0
2022-11-06,18108.0
2022-11-07,18108.0
2022-11-08,18108.0
2022-11-09,18108.0
2022-11-10,18108.0
2022-11-11,18108.0
2022-11-12,18108.0
2022-11-13,18108.0
2022-11-14,18108.0
2022-11-15,18108.0
2022-11-16,18108.0
2022-11-17,18108.0
2022-11-18,18108.0
2022-11-19,18108.0
2022-11-20,18108.0
2022-11-21,18108.0
2022-11-22,18108.0
2022-11-23,18108.0
2022-11-24,18108.0
2022-11-25,18108.0
2022-11-26,18108.0
2022-11-27,18108.0
2022-11-28,18108.0
2022-11-29,18108.0
2022-11-30,18108.0
2022-12-01,18116.5
2022-12-02,18116.5
2022-12-03,18116.5
2022-12-04,18116.5
2022-12-05,18116.5
2022-12-06,18116.5
2022-12-07,18116.5
2022-12-08,18116.5
2022-12-09,18116.5
2022-12-10,18116.5
2022-12-11,18116.5
2022-12-12,18116.5
2022-12-13,18116.5
2022-12-14,18116.5
2022-12-15,18116.5
2022-12-16,18116.5
2022-12-17,18116.5
2022-12-18,18116.5
2022-12-19,18116.5
2022-12-20,18116.5
2022-12-21,18116.5
2022-12-22,18116.5
2022-12-23,18116.5
2022-12-24,18116.5
2022-12-25,18116.5
2022-12-26,18116.5
2022-12-27,18116.5
2022-12-28,18116.5
2022-12-29,18116.5
2022-12-30,18116.5
2022-12-31,18116.5
2023-01-01,18449.1
2023-01-02,18449.1
2023-01-03,18449.1
2023-01-04,18449.1
2023-01-05,18449.1
2023-01-06,18449.1
2023-01-07,18449.1
2023-01-08,18449.1
2023-01-09,18449.1
2023-01-10,18449.1
2023-01-11,18449.1
2023-01-12,18449.1
2023-01-13,18449.1
2023-01-14,18449.1
2023-01-15,18449.1
2023-01-16,18449.1
2023-01-17,18449.1
2023-01-18,18449.1
2023-01-19,18449.1
2023-01-20,18449.1
2023-01-21,18449.1
2023-01-22,18449.1
2023-01-23,18449.1
2023-01-24,18449.1
2023-01-25,18449.1
2023-01-26,18449.1
2023-01-27,18449.1
2023-01-28,18449.1
2023-01-29,18449.1
2023-01-30,18449.1
2023-01-31,18449.1
2023-02-01,18491.6
2023-02-02,18491.6
2023-02-03,18491.6
2023-02-04,18491.6
2023-02-05,18491.6
2023-02-06,18491.6
2023-02-07,18491.6
2023-02-08,18491.6
2023-02-09,18491.6
2023-02-10,18491.6
2023-02-11,18491.6
2023-02-12,18491.6
2023-02-13,18491.6
2023-02-14,18491.6
2023-02-15,18491.6
2023-02-16,18491.6
2023-02-17,18491.6
2023-02-18,18491.6
2023-02-19,18491.6
2023-02-20,18491.6
2023-02-21,18491.6
2023-02-22,18491.6
2023-02-23,18491.6
2023-02-24,18491.6
2023-02-25,18491.6
2023-02-26,18491.6
2023-02-27,18491.6
2023-02-28,18491.6
2023-03-01,18520.4
2023-03-02,18520.4
2023-03-03,18520.4
2023-03-04,18520.4
2023-03-05,18520.4
2023-03-06,18520.4
2023-03-07,18520.4
2023-03-08,18520.4
2023-03-09,18520.4
2023-03-10,18520.4
2023-03-11,18520.4
2023-03-12,18520.4
2023-03-13,18520.4
2023-03-14,18520.4
2023-03-15,18520.4
2023-03-16,18520.4
2023-03-17,18520.4
2023-03-18,18520.4
2023-03-19,18520.4
2023-03-20,18520.4
2023-03-21,18520.4
2023-03-22,18520.4
2023-03-23,18520.4
2023-03-24,18520.4
2023-03-25,18520.4
2023-03-26,18520.4
2023-03-27,18520.4
2023-03-28,18520.4
2023-03-29,18520.4
2023-03-30,18520.4
2023-03-31,18520.4
2023-04-01,18641.8
2023-04-02,18641.8
2023-04-03,18641.8
2023-04-04,18641.8
2023-04-05,18641.8
2023-04-06,18641.8
2023-04-07,18641.8
2023-04-08,18641.8
2023-04-09,18641.8
2023-04-10,18641.8
2023-04-11,18641.8
2023-04-12,18641.8
2023-04-13,18641.8
2023-04-14,18641.8
2023-04-15,18641.8
2023-04-16,18641.8
2023-04-17,18641.8
2023-04-18,18641.8
2023-04-19,18641.8
2023-04-20,18641.8
2023-04-21,18641.8
2023-04-22,18641.8
2023-04-23,18641.8
2023-04-24,18641.8
2023-04-25,18641.8
2023-04-26,18641.8
2023-04-27,18641.8
2023-04-28,18641.8
2023-04-29,18641.8
2023-04-30,18641.8
2023-05-01,18664.6
2023-05-02,18664.6
2023-05-03,18664.6
2023-05-04,18664.6
2023-05-05,18664.6
2023-05-06,18664.6
2023-05-07,18664.6
2023-05-08,18664.6
2023-05-09,18664.6
2023-05-10,18664.6
2023-05-11,18664.6
2023-05-12,18664.6
2023-05-13,18664.6
2023-05-14,18664.6
2023-05-15,18664.6
2023-05-16,18664.6
2023-05-17,18664.6
2023-05-18,18664.6
2023-05-19,18664.6
2023-05-20,18664.6
2023-05-21,18664.6
2023-05-22,18664.6
2023-05-23,18664.6
2023-05-24,18664.6
2023-05-25,18664.6
2023-05-26,18664.6
2023-05-27,18664.6
2023-05-28,18664.6
2023-05-29,18664.6
2023-05-30,18664.6
2023-05-31,18664.6
2023-06-01,18773.0
2023-06-02,18773.0
2023-06-03,18773.0
2023-06-04,18773.0
2023-06-05,18773.0
2023-06-06,18773.0
2023-06-07,18773.0
2023-06-08,18773.0
2023-06-09,18773.0
2023-06-10,18773.0
2023-06-11,18773.0
2023-06-12,18773.0
2023-06-13,18773.0
2023-06-14,18773.0
2023-06-15,18773.0
2023-06-16,18773.0
2023-06-17,18773.0
2023-06-18,18773.0
2023-06-19,18773.0
2023-06-20,18773.0
2023-06-21,18773.0
2023-06-22,18773.0
2023-06-23,18773.0
2023-06-24,18773.0
2023-06-25,18773.0
2023-06-26,18773.0
2023-06-27,18773.0
2023-06-28,18773.0
2023-06-29,18773.0
2023-06-30,18773.0
2023-07-01,18884.2
2023-07-02,18884.2
2023-07-03,18884.2
2023-07-04,18884.2
2023-07-05,18884.2
2023-07-06,18884.2
2023-07-07,18884.2
2023-07-08,18884.2
2023-07-09,18884.2
2023-07-10,18884.2
2023-07-11,18884.2
2023-07-12,18884.2
2023-07-13,18884.2
2023-07-14,18884.2
2023-07-15,18884.2
2023-07-16,18884.2
2023-07-17,18884.2
2023-07-18,18884.2
2023-07-19,18884.2
2023-07-20,18884.2
2023-07-21,18884.2
2023-07-22,18884.2
2023-07-23,18884.2
2023-07-24,18884.2
2023-07-25,18884.2
2023-07-26,18884.2
2023-07-27,18884.2
2023-07-28,18884.2
2023-07-29,18884.2
2023-07-30,18884.2
2023-07-31,18884.2
2023-08-01,18953.3
2023-08-02,18953.3
2023-08-03,18953.3
2023-08-04,18953.3
2023-08-05,18953.3
2023-08-06,18953.3
2023-08-07,18953.3
2023-08-08,18953.3
2023-08-09,18953.3
2023-08-10,18953.3
2023-08-11,18953.3
2023-08-12,18953.3
2023-08-13,18953.3
2023-08-14,18953.3
2023-08-15,18953.3
2023-08-16,18953.3
2023-08-17,18953.3
2023-08-18,18953.3
2023-08-19,18953.3
2023-08-20,18953.3
2023-08-21,18953.3
2023-08-22,18953.3
2023-08-23,18953.3
2023-08-24,18953.3
2023-08-25,18953.3
2023-08-26,18953.3
2023-08-27,18953.3
2023-08-28,18953.3
2023-08-29,18953.3
2023-08-30,18953.3
2023-08-31,18953.3
2023-09-01,19048.1
2023-09-02,19048.1
2023-09-03,19048.1
2023-09-04,19048.1
2023-09-05,19048.1
2023-09-06,19048.1
2023-09-07,19048.1
2023-09-08,19048.1
2023-09-09,19048.1
2023-09-10,19048.1
2023-09-11,19048.1
2023-09-12,19048.1
2023-09-13,19048.1
2023-09-14,19048.1
2023-09-15,19048.1
2023-09-16,19048.1
2023-09-17,19048.1
2023-09-18,19048.1
2023-09-19,19048.1
2023-09-20,19048.1
2023-09-21,19048.1
2023-09-22,19048.1
2023-09-23,19048.1
2023-09-24,19048.1
2023-09-25,19048.1
2023-09-26,19048.1
2023-09-27,19048.1
2023-09-28,19048.1
2023-09-29,19048.1
2023-09-30,19048.1
2023-10-01,19109.4
2023-10-02,19109.4
2023-10-03,19109.4
2023-10-04,19109.4
2023-10-05,19109.4
2023-10-06,19109.4
2023-10-07,19109.4
2023-10-08,19109.4
2023-10-09,19109.4
2023-10-10,19109.4
2023-10-11,19109.4
2023-10-12,19109.4
2023-10-13,19109.4
2023-10-14,19109.4
2023-10-15,19109.4
2023-10-16,19109.4
2023-10-17,19109.4
2023-10-18,19109.4
2023-10-19,19109.4
2023-10-20,19109.4
2023-10-21,19109.4
2023-10-22,19109.4
2023-10-23,19109.4
2023-10-24,19109.4
2023-10-25,19109.4
2023-10-26,19109.4
2023-10-27,19109.4
2023-10-28,19109.4
2023-10-29,19109.4
2023-10-30,19109.4
2023-10-31,19109.4
2023-11-01,19178.9
2023-11-02,19178.9
2023-11-03,19178.9
2023-11-04,19178.9
2023-11-05,19178.9
2023-11-06,19178.9
2023-11-07,19178.9
2023-11-08,19178.9
2023-11-09,19178.9
2023-11-10,19178.9
2023-11-11,19178.9
2023-11-12,19178.9
2023-11-13,19178.9
2023-11-14,19178.9
2023-11-15,19178.9
2023-11-16,19178.9
2023-11-17,19178.9
2023-11-18,19178.9
2023-11-19,19178.9
2023-11-20,19178.9
2023-11-21,19178.9
2023-11-22,19178.9
2023-11-23,19178.9
2023-11-24,19178.9
2023-11-25,19178.9
2023-11-26,19178.9
2023-11-27,19178.9
2023-11-28,19178.9
2023-11-29,19178.9
2023-11-30,19178.9
2023-12-01,19283.5
2023-12-02,19283.5
2023-12-03,19283.5
2023-12-04,19283.5
2023-12-05,19283.5
2023-12-06,19283.5
2023-12-07,19283.5
2023-12-08,19283.5
2023-12-09,19283.5
2023-12-10,19283.5
2023-12-11,19283.5
2023-12-12,19283.5
2023-12-13,19283.5
2023-12-14,19283.5
2023-12-15,19283.5
2023-12-16,19283.5
2023-12-17,19283.5
2023-12-18,19283.5
2023-12-19,19283.5
2023-12-20,19283.5
2023-12-21,19283.5
2023-12-22,19283.5
2023-12-23,19283.5
2023-12-24,19283.5
2023-12-25,19283.5
2023-12-26,19283.5
2023-12-27,19283.5
2023-12-28,19283.5
2023-12-29,19283.5
2023-12-30,19283.5
2023-12-31,19283.5
2024-01-01,19303.3
2024-01-02,19303.3
2024-01-03,19303.3
2024-01-04,19303.3
2024-01-05,19303.3
2024-01-06,19303.3
2024-01-07,19303.3
2024-01-08,19303.3
2024-01-09,19303.3
2024-01-10,19303.3
2024-01-11,19303.3
2024-01-12,19303.3
2024-01-13,19303.3
2024-01-14,19303.3
2024-01-15,19303.3
2024-01-16,19303.3
2024-01-17,19303.3
2024-01-18,19303.3
2024-01-19,19303.3
2024-01-20,19303.3
2024-01-21,19303.3
2024-01-22,19303.3
2024-01-23,19303.3
2024-01-24,19303.3
2024-01-25,19303.3
2024-01-26,19303.3
2024-01-27,19303.3
2024-01-28,19303.3
2024-01-29,19303.3
2024-01-30,19303.3
2024-01-31,19303.3
2024-02-01,19446.5
2024-02-02,19446.5
2024-02-03,19446.5
2024-02-04,19446.5
2024-02-05,19446.5
2024-02-06,19446.5
2024-02-07,19446.5
2024-02-08,19446.5
2024-02-09,19446.5
2024-02-10,19446.5
2024-02-11,19446.5
2024-02-12,19446.5
2024-02-13,19446.5
2024-02-14,19446.5
2024-02-15,19446.5
2024-02-16,19446.5
2024-02-17,19446.5
2024-02-18,19446.5
2024-02-19,19446.5
2024-02-20,19446.5
2024-02-21,19446.5
2024-02-22,19446.5
2024-02-23,19446.5
2024-02-24,19446.5
2024-02-25,19446.5
2024-02-26,19446.5
2024-02-27,19446.5
2024-02-28,19446.5
2024-02-29,19446.5
2024-03-01,19581.8
2024-03-02,19581.8
2024-03-03,19581.8
2024-03-04,19581.8
2024-03-05,19581.8
2024-03-06,19581.8
2024-03-07,19581.8
2024-03-08,19581.8
2024-03-09,19581.8
2024-03-10,19581.8
2024-03-11,19581.8
2024-03-12,19581.8
2024-03-13,19581.8
2024-03-14,19581.8
2024-03-15,19581.8
2024-03-16,19581.8
2024-03-17,19581.8
2024-03-18,19581.8
2024-03-19,19581.8
2024-03-20,19581.8
2024-03-21,19581.8
2024-03-22,19581.8
2024-03-23,19581.8
2024-03-24,19581.8
2024-03-25,19581.8
2024-03-26,19581.8
2024-03-27,19581.8
2024-03-28,19581.8
2024-03-29,19581.8
2024-03-30,19581.8
2024-03-31,19581.8
2024-04-01,19665.7
2024-04-02,19665.7
2024-04-03,19665.7
2024-04-04,19665.7
2024-04-05,19665.7
2024-04-06,19665.7
2024-04-07,19665.7
2024-04-08,19665.7
2024-04-09,19665.7
2024-04-10,19665.7
2024-04-11,19665.7
2024-04-12,19665.7
2024-04-13,19665.7
2024-04-14,19665.7
2024-04-15,19665.7
2024-04-16,19665.7
2024-04-17,19665.7
2024-04-18,19665.7
2024-04-19,19665.7
2024-04-20,19665.7
2024-04-21,19665.7
2024-04-22,19665.7
2024-04-23,19665.7
2024-04-24,19665.7
2024-04-25,19665.7
2024-04-26,19665.7
2024-04-27,19665.7
2024-04-28,19665.7
2024-04-29,19665.7
2024-04-30,19665.7
2024-05-01,19758.0
2024-05-02,19758.0
2024-05-03,19758.0
2024-05-04,19758.0
2024-05-05,19758.0
2024-05-06,19758.0
2024-05-07,19758.0
2024-05-08,19758.0
2024-05-09,19758.0
2024-05-10,19758.0
2024-05-11,19758.0
2024-05-12,19758.0
2024-05-13,19758.0
2024-05-14,19758.0
2024-05-15,19758.0
2024-05-16,19758.0
2024-05-17,19758.0
2024-05-18,19758.0
2024-05-19,19758.0
2024-05-20,19758.0
2024-05-21,19758.0
2024-05-22,19758.0
2024-05-23,19758.0
2024-05-24,19758.0
2024-05-25,19758.0
2024-05-26,19758.0
2024-05-27,19758.0
2024-05-28,19758.0
2024-05-29,19758.0
2024-05-30,19758.0
2024-05-31,19758.0
2024-06-01,19844.5
2024-06-02,19844.5
2024-06-03,19844.5
2024-06-04,19844.5
2024-06-05,19844.5
2024-06-06,19844.5
2024-06-07,19844.5
2024-06-08,19844.5
2024-06-09,19844.5
2024-06-10,19844.5
2024-06-11,19844.5
2024-06-12,19844.5
2024-06-13,19844.5
2024-06-14,19844.5
2024-06-15,19844.5
2024-06-16,19844.5
2024-06-17,19844.5
2024-06-18,19844.5
2024-06-19,19844.5
2024-06-20,19844.5
2024-06-21,19844.5
2024-06-22,19844.5
2024-06-23,19844.5
2024-06-24,19844.5
2024-06-25,19844.5
2024-06-26,19844.5
2024-06-27,19844.5
2024-06-28,19844.5
2024-06-29,19844.5
2024-06-30,19844.5
2024-07-01,19949.5
2024-07-02,19949.5
2024-07-03,19949.5
2024-07-04,19949.5
2024-07-05,19949.5
2024-07-06,19949.5
2024-07-07,19949.5
2024-07-08,19949.5
2024-07-09,19949.5
2024-07-10,19949.5
2024-07-11,19949.5
2024-07-12,19949.5
2024-07-13,19949.5
2024-07-14,19949.5
2024-07-15,19949.5
2024-07-16,19949.5
2024-07-17,19949.5
2024-07-18,19949.5
2024-07-19,19949.5
2024-07-20,19949.5
2024-07-21,19949.5
2024-07-22,19949.5
2024-07-23,19949.5
2024-07-24,19949.5
2024-07-25,19949.5
2024-07-26,19949.5
2024-07-27,19949.5
2024-07-28,19949.5
2024-07-29,19949.5
2024-07-30,19949.5
2024-07-31,19949.5
2024-08-01,20001.3
2024-08-02,20001.3
2024-08-03,20001.3
2024-08-04,20001.3
2024-08-05,20001.3
2024-08-06,20001.3
2024-08-07,20001.3
2024-08-08,20001.3
2024-08-09,20001.3
2024-08-10,20001.3
2024-08-11,20001.3
2024-08-12,20001.3
2024-08-13,20001.3
2024-08-14,20001.3
2024-08-15,20001.3
2024-08-16,20001.3
2024-08-17,20001.3
2024-08-18,20001.3
2024-08-19,20001.3
2024-08-20,20001.3
2024-08-21,20001.3
2024-08-22,20001.3
2024-08-23,20001.3
2024-08-24,20001.3
2024-08-25,20001.3
2024-08-26,20001.3
2024-08-27,20001.3
2024-08-28,20001.3
2024-08-29,20001.3
2024-08-30,20001.3
2024-08-31,20001.3
2024-09-01,20147.6
2024-09-02,20147.6
2024-09-03,20147.6
2024-09-04,20147.6
2024-09-05,20147.6
2024-09-06,20147.6
2024-09-07,20147.6
2024-09-08,20147.6
2024-09-09,20147.6
2024-09-10,20147.6
2024-09-11,20147.6
2024-09-12,20147.6
2024-09-13,20147.6
2024-09-14,20147.6
2024-09-15,20147.6
2024-09-16,20147.6
2024-09-17,20147.6
2024-09-18,20147.6
2024-09-19,20147.6
2024-09-20,20147.6
2024-09-21,20147.6
2024-09-22,20147.6
2024-09-23,20147.6
2024-09-24,20147.6
2024-09-25,20147.6
2024-09-26,20147.6
2024-09-27,20147.6
2024-09-28,20147.6
2024-09-29,20147.6
2024-09-30,20147.6
2024-10-01,20226.0
2024-10-02,20226.0
2024-10-03,20226.0
2024-10-04,20226.0
2024-10-05,20226.0
2024-10-06,20226.0
2024-10-07,20226.0
2024-10-08,20226.0
2024-10-09,20226.0
2024-10-10,20226.0
2024-10-11,20226.0
2024-10-12,20226.0
2024-10-13,20226.0
2024-10-14,20226.0
2024-10-15,20226.0
2024-10-16,20226.0
2024-10-17,20226.0
2024-10-18,20226.0
2024-10-19,20226.0
2024-10-20,20226.0
2024-10-21,20226.0
2024-10-22,20226.0
2024-10-23,20226.0
2024-10-24,20226.0
2024-10-25,20226.0
2024-10-26,20226.0
2024-10-27,20226.0
2024-10-28,20226.0
2024-10-29,20226.0
2024-10-30,20226.0
2024-10-31,20226.0
2024-11-01,20313.6
2024-11-02,20313.6
2024-11-03,20313.6
2024-11-04,20313.6
2024-11-05,20313.6
2024-11-06,20313.6
2024-11-07,20313.6
2024-11-08,20313.6
2024-11-09,20313.6
2024-11-10,20313.6
2024-11-11,20313.6
2024-11-12,20313.6
2024-11-13,20313.6
2024-11-14,20313.6
2024-11-15,20313.6
2024-11-16,20313.6
2024-11-17,20313.6
2024-11-18,20313.6
2024-11-19,20313.6
2024-11-20,20313.6
2024-11-21,20313.6
2024-11-22,20313.6
2024-11-23,20313.6
2024-11-24,20313.6
2024-11-25,20313.6
2024-11-26,20313.6
2024-11-27,20313.6
2024-11-28,20313.6
2024-11-29,20313.6
2024-11-30,20313.6
2024-12-01,20514.3
2024-12-02,20514.3
2024-12-03,20514.3
2024-12-04,20514.3
2024-12-05,20514.3
2024-12-06,20514.3
2024-12-07,20514.3
2024-12-08,20514.3
2024-12-09,20514.3
2024-12-10,20514.3
2024-12-11,20514.3
2024-12-12,20514.3
2024-12-13,20514.3
2024-12-14,20514.3
2024-12-15,20514.3
2024-12-16,20514.3
2024-12-17,20514.3
2024-12-18,20514.3
2024-12-19,20514.3
2024-12-20,20514.3
2024-12-21,20514.3
2024-12-22,20514.3
2024-12-23,20514.3
2024-12-24,20514.3
2024-12-25,20514.3
2024-12-26,20514.3
2024-12-27,20514.3
2024-12-28,20514.3
2024-12-29,20514.3
2024-12-30,20514.3
2024-12-31,20514.3
2025-01-01,20462.2
