Date,GPR
2011-01-01,79.42
2011-01-02,79.42
2011-01-03,79.42
2011-01-04,79.42
2011-01-05,79.42
2011-01-06,79.42
2011-01-07,79.42
2011-01-08,79.42
2011-01-09,79.42
2011-01-10,79.42
2011-01-11,79.42
2011-01-12,79.42
2011-01-13,79.42
2011-01-14,79.42
2011-01-15,79.42
2011-01-16,79.42
2011-01-17,79.42
2011-01-18,79.42
2011-01-19,79.42
2011-01-20,79.42
2011-01-21,79.42
2011-01-22,79.42
2011-01-23,79.42
2011-01-24,79.42
2011-01-25,79.42
2011-01-26,79.42
2011-01-27,79.42
2011-01-28,79.42
2011-01-29,79.42
2011-01-30,79.42
2011-01-31,79.42
2011-02-01,90.01
2011-02-02,90.01
2011-02-03,90.01
2011-02-04,90.01
2011-02-05,90.01
2011-02-06,90.01
2011-02-07,90.01
2011-02-08,90.01
2011-02-09,90.01
2011-02-10,90.01
2011-02-11,90.01
2011-02-12,90.01
2011-02-13,90.01
2011-02-14,90.01
2011-02-15,90.01
2011-02-16,90.01
2011-02-17,90.01
2011-02-18,90.01
2011-02-19,90.01
2011-02-20,90.01
2011-02-21,90.01
2011-02-22,90.01
2011-02-23,90.01
2011-02-24,90.01
2011-02-25,90.01
2011-02-26,90.01
2011-02-27,90.01
2011-02-28,90.01
2011-03-01,136.89
2011-03-02,136.89
2011-03-03,136.89
2011-03-04,136.89
2011-03-05,136.89
2011-03-06,136.89
2011-03-07,136.89
2011-03-08,136.89
2011-03-09,136.89
2011-03-10,136.89
2011-03-11,136.89
2011-03-12,136.89
2011-03-13,136.89
2011-03-14,136.89
2011-03-15,136.89
2011-03-16,136.89
2011-03-17,136.89
2011-03-18,136.89
2011-03-19,136.89
2011-03-20,136.89
2011-03-21,136.89
2011-03-22,136.89
2011-03-23,136.89
2011-03-24,136.89
2011-03-25,136.89
2011-03-26,136.89
2011-03-27,136.89
2011-03-28,136.89
2011-03-29,136.89
2011-03-30,136.89
2011-03-31,136.89
2011-04-01,91.02
2011-04-02,91.02
2011-04-03,91.02
2011-04-04,91.02
2011-04-05,91.02
2011-04-06,91.02
2011-04-07,91.02
2011-04-08,91.02
2011-04-09,91.02
2011-04-10,91.02
2011-04-11,91.02
2011-04-12,91.02
2011-04-13,91.02
2011-04-14,91.02
2011-04-15,91.02
2011-04-16,91.02
2011-04-17,91.02
2011-04-18,91.02
2011-04-19,91.02
2011-04-20,91.02
2011-04-21,91.02
2011-04-22,91.02
2011-04-23,91.02
2011-04-24,91.02
2011-04-25,91.02
2011-04-26,91.02
2011-04-27,91.02
2011-04-28,91.02
2011-04-29,91.02
2011-04-30,91.02
2011-05-01,105.34
2011-05-02,105.34
2011-05-03,105.34
2011-05-04,105.34
2011-05-05,105.34
2011-05-06,105.34
2011-05-07,105.34
2011-05-08,105.34
2011-05-09,105.34
2011-05-10,105.34
2011-05-11,105.34
2011-05-12,105.34
2011-05-13,105.34
2011-05-14,105.34
2011-05-15,105.34
2011-05-16,105.34
2011-05-17,105.34
2011-05-18,105.34
2011-05-19,105.34
2011-05-20,105.34
2011-05-21,105.34
2011-05-22,105.34
2011-05-23,105.34
2011-05-24,105.34
2011-05-25,105.34
2011-05-26,105.34
2011-05-27,105.34
2011-05-28,105.34
2011-05-29,105.34
2011-05-30,105.34
2011-05-31,105.34
2011-06-01,84.39
2011-06-02,84.39
2011-06-03,84.39
2011-06-04,84.39
2011-06-05,84.39
2011-06-06,84.39
2011-06-07,84.39
2011-06-08,84.39
2011-06-09,84.39
2011-06-10,84.39
2011-06-11,84.39
2011-06-12,84.39
2011-06-13,84.39
2011-06-14,84.39
2011-06-15,84.39
2011-06-16,84.39
2011-06-17,84.39
2011-06-18,84.39
2011-06-19,84.39
2011-06-20,84.39
2011-06-21,84.39
2011-06-22,84.39
2011-06-23,84.39
2011-06-24,84.39
2011-06-25,84.39
2011-06-26,84.39
2011-06-27,84.39
2011-06-28,84.39
2011-06-29,84.39
2011-06-30,84.39
2011-07-01,78.92
2011-07-02,78.92
2011-07-03,78.92
2011-07-04,78.92
2011-07-05,78.92
2011-07-06,78.92
2011-07-07,78.92
2011-07-08,78.92
2011-07-09,78.92
2011-07-10,78.92
2011-07-11,78.92
2011-07-12,78.92
2011-07-13,78.92
2011-07-14,78.92
2011-07-15,78.92
2011-07-16,78.92
2011-07-17,78.92
2011-07-18,78.92
2011-07-19,78.92
2011-07-20,78.92
2011-07-21,78.92
2011-07-22,78.92
2011-07-23,78.92
2011-07-24,78.92
2011-07-25,78.92
2011-07-26,78.92
2011-07-27,78.92
2011-07-28,78.92
2011-07-29,78.92
2011-07-30,78.92
2011-07-31,78.92
2011-08-01,86.95
2011-08-02,86.95
2011-08-03,86.95
2011-08-04,86.95
2011-08-05,86.95
2011-08-06,86.95
2011-08-07,86.95
2011-08-08,86.95
2011-08-09,86.95
2011-08-10,86.95
2011-08-11,86.95
2011-08-12,86.95
2011-08-13,86.95
2011-08-14,86.95
2011-08-15,86.95
2011-08-16,86.95
2011-08-17,86.95
2011-08-18,86.95
2011-08-19,86.95
2011-08-20,86.95
2011-08-21,86.95
2011-08-22,86.95
2011-08-23,86.95
2011-08-24,86.95
2011-08-25,86.95
2011-08-26,86.95
2011-08-27,86.95
2011-08-28,86.95
2011-08-29,86.95
2011-08-30,86.95
2011-08-31,86.95
2011-09-01,83.35
2011-09-02,83.35
2011-09-03,83.35
2011-09-04,83.35
2011-09-05,83.35
2011-09-06,83.35
2011-09-07,83.35
2011-09-08,83.35
2011-09-09,83.35
2011-09-10,83.35
2011-09-11,83.35
2011-09-12,83.35
2011-09-13,83.35
2011-09-14,83.35
2011-09-15,83.35
2011-09-16,83.35
2011-09-17,83.35
2011-09-18,83.35
2011-09-19,83.35
2011-09-20,83.35
2011-09-21,83.35
2011-09-22,83.35
2011-09-23,83.35
2011-09-24,83.35
2011-09-25,83.35
2011-09-26,83.35
2011-09-27,83.35
2011-09-28,83.35
2011-09-29,83.35
2011-09-30,83.35
2011-10-01,76.34
2011-10-02,76.34
2011-10-03,76.34
2011-10-04,76.34
2011-10-05,76.34
2011-10-06,76.34
2011-10-07,76.34
2011-10-08,76.34
2011-10-09,76.34
2011-10-10,76.34
2011-10-11,76.34
2011-10-12,76.34
2011-10-13,76.34
2011-10-14,76.34
2011-10-15,76.34
2011-10-16,76.34
2011-10-17,76.34
2011-10-18,76.34
2011-10-19,76.34
2011-10-20,76.34
2011-10-21,76.34
2011-10-22,76.34
2011-10-23,76.34
2011-10-24,76.34
2011-10-25,76.34
2011-10-26,76.34
2011-10-27,76.34
2011-10-28,76.34
2011-10-29,76.34
2011-10-30,76.34
2011-10-31,76.34
2011-11-01,83.16
2011-11-02,83.16
2011-11-03,83.16
2011-11-04,83.16
2011-11-05,83.16
2011-11-06,83.16
2011-11-07,83.16
2011-11-08,83.16
2011-11-09,83.16
2011-11-10,83.16
2011-11-11,83.16
2011-11-12,83.16
2011-11-13,83.16
2011-11-14,83.16
2011-11-15,83.16
2011-11-16,83.16
2011-11-17,83.16
2011-11-18,83.16
2011-11-19,83.16
2011-11-20,83.16
2011-11-21,83.16
2011-11-22,83.16
2011-11-23,83.16
2011-11-24,83.16
2011-11-25,83.16
2011-11-26,83.16
2011-11-27,83.16
2011-11-28,83.16
2011-11-29,83.16
2011-11-30,83.16
2011-12-01,85.34
2011-12-02,85.34
2011-12-03,85.34
2011-12-04,85.34
2011-12-05,85.34
2011-12-06,85.34
2011-12-07,85.34
2011-12-08,85.34
2011-12-09,85.34
2011-12-10,85.34
2011-12-11,85.34
2011-12-12,85.34
2011-12-13,85.34
2011-12-14,85.34
2011-12-15,85.34
2011-12-16,85.34
2011-12-17,85.34
2011-12-18,85.34
2011-12-19,85.34
2011-12-20,85.34
2011-12-21,85.34
2011-12-22,85.34
2011-12-23,85.34
2011-12-24,85.34
2011-12-25,85.34
2011-12-26,85.34
2011-12-27,85.34
2011-12-28,85.34
2011-12-29,85.34
2011-12-30,85.34
2011-12-31,85.34
2012-01-01,79.63
2012-01-02,79.63
2012-01-03,79.63
2012-01-04,79.63
2012-01-05,79.63
2012-01-06,79.63
2012-01-07,79.63
2012-01-08,79.63
2012-01-09,79.63
2012-01-10,79.63
2012-01-11,79.63
2012-01-12,79.63
2012-01-13,79.63
2012-01-14,79.63
2012-01-15,79.63
2012-01-16,79.63
2012-01-17,79.63
2012-01-18,79.63
2012-01-19,79.63
2012-01-20,79.63
2012-01-21,79.63
2012-01-22,79.63
2012-01-23,79.63
2012-01-24,79.63
2012-01-25,79.63
2012-01-26,79.63
2012-01-27,79.63
2012-01-28,79.63
2012-01-29,79.63
2012-01-30,79.63
2012-01-31,79.63
2012-02-01,92.45
2012-02-02,92.45
2012-02-03,92.45
2012-02-04,92.45
2012-02-05,92.45
2012-02-06,92.45
2012-02-07,92.45
2012-02-08,92.45
2012-02-09,92.45
2012-02-10,92.45
2012-02-11,92.45
2012-02-12,92.45
2012-02-13,92.45
2012-02-14,92.45
2012-02-15,92.45
2012-02-16,92.45
2012-02-17,92.45
2012-02-18,92.45
2012-02-19,92.45
2012-02-20,92.45
2012-02-21,92.45
2012-02-22,92.45
2012-02-23,92.45
2012-02-24,92.45
2012-02-25,92.45
2012-02-26,92.45
2012-02-27,92.45
2012-02-28,92.45
2012-02-29,92.45
2012-03-01,88.76
2012-03-02,88.76
2012-03-03,88.76
2012-03-04,88.76
2012-03-05,88.76
2012-03-06,88.76
2012-03-07,88.76
2012-03-08,88.76
2012-03-09,88.76
2012-03-10,88.76
2012-03-11,88.76
2012-03-12,88.76
2012-03-13,88.76
2012-03-14,88.76
2012-03-15,88.76
2012-03-16,88.76
2012-03-17,88.76
2012-03-18,88.76
2012-03-19,88.76
2012-03-20,88.76
2012-03-21,88.76
2012-03-22,88.76
2012-03-23,88.76
2012-03-24,88.76
2012-03-25,88.76
2012-03-26,88.76
2012-03-27,88.76
2012-03-28,88.76
2012-03-29,88.76
2012-03-30,88.76
2012-03-31,88.76
2012-04-01,96.02
2012-04-02,96.02
2012-04-03,96.02
2012-04-04,96.02
2012-04-05,96.02
2012-04-06,96.02
2012-04-07,96.02
2012-04-08,96.02
2012-04-09,96.02
2012-04-10,96.02
2012-04-11,96.02
2012-04-12,96.02
2012-04-13,96.02
2012-04-14,96.02
2012-04-15,96.02
2012-04-16,96.02
2012-04-17,96.02
2012-04-18,96.02
2012-04-19,96.02
2012-04-20,96.02
2012-04-21,96.02
2012-04-22,96.02
2012-04-23,96.02
2012-04-24,96.02
2012-04-25,96.02
2012-04-26,96.02
2012-04-27,96.02
2012-04-28,96.02
2012-04-29,96.02
2012-04-30,96.02
2012-05-01,78.17
2012-05-02,78.17
2012-05-03,78.17
2012-05-04,78.17
2012-05-05,78.17
2012-05-06,78.17
2012-05-07,78.17
2012-05-08,78.17
2012-05-09,78.17
2012-05-10,78.17
2012-05-11,78.17
2012-05-12,78.17
2012-05-13,78.17
2012-05-14,78.17
2012-05-15,78.17
2012-05-16,78.17
2012-05-17,78.17
2012-05-18,78.17
2012-05-19,78.17
2012-05-20,78.17
2012-05-21,78.17
2012-05-22,78.17
2012-05-23,78.17
2012-05-24,78.17
2012-05-25,78.17
2012-05-26,78.17
2012-05-27,78.17
2012-05-28,78.17
2012-05-29,78.17
2012-05-30,78.17
2012-05-31,78.17
2012-06-01,77.82
2012-06-02,77.82
2012-06-03,77.82
2012-06-04,77.82
2012-06-05,77.82
2012-06-06,77.82
2012-06-07,77.82
2012-06-08,77.82
2012-06-09,77.82
2012-06-10,77.82
2012-06-11,77.82
2012-06-12,77.82
2012-06-13,77.82
2012-06-14,77.82
2012-06-15,77.82
2012-06-16,77.82
2012-06-17,77.82
2012-06-18,77.82
2012-06-19,77.82
2012-06-20,77.82
2012-06-21,77.82
2012-06-22,77.82
2012-06-23,77.82
2012-06-24,77.82
2012-06-25,77.82
2012-06-26,77.82
2012-06-27,77.82
2012-06-28,77.82
2012-06-29,77.82
2012-06-30,77.82
2012-07-01,82.81
2012-07-02,82.81
2012-07-03,82.81
2012-07-04,82.81
2012-07-05,82.81
2012-07-06,82.81
2012-07-07,82.81
2012-07-08,82.81
2012-07-09,82.81
2012-07-10,82.81
2012-07-11,82.81
2012-07-12,82.81
2012-07-13,82.81
2012-07-14,82.81
2012-07-15,82.81
2012-07-16,82.81
2012-07-17,82.81
2012-07-18,82.81
2012-07-19,82.81
2012-07-20,82.81
2012-07-21,82.81
2012-07-22,82.81
2012-07-23,82.81
2012-07-24,82.81
2012-07-25,82.81
2012-07-26,82.81
2012-07-27,82.81
2012-07-28,82.81
2012-07-29,82.81
2012-07-30,82.81
2012-07-31,82.81
2012-08-01,74.88
2012-08-02,74.88
2012-08-03,74.88
2012-08-04,74.88
2012-08-05,74.88
2012-08-06,74.88
2012-08-07,74.88
2012-08-08,74.88
2012-08-09,74.88
2012-08-10,74.88
2012-08-11,74.88
2012-08-12,74.88
2012-08-13,74.88
2012-08-14,74.88
2012-08-15,74.88
2012-08-16,74.88
2012-08-17,74.88
2012-08-18,74.88
2012-08-19,74.88
2012-08-20,74.88
2012-08-21,74.88
2012-08-22,74.88
2012-08-23,74.88
2012-08-24,74.88
2012-08-25,74.88
2012-08-26,74.88
2012-08-27,74.88
2012-08-28,74.88
2012-08-29,74.88
2012-08-30,74.88
2012-08-31,74.88
2012-09-01,69.28
2012-09-02,69.28
2012-09-03,69.28
2012-09-04,69.28
2012-09-05,69.28
2012-09-06,69.28
2012-09-07,69.28
2012-09-08,69.28
2012-09-09,69.28
2012-09-10,69.28
2012-09-11,69.28
2012-09-12,69.28
2012-09-13,69.28
2012-09-14,69.28
2012-09-15,69.28
2012-09-16,69.28
2012-09-17,69.28
2012-09-18,69.28
2012-09-19,69.28
2012-09-20,69.28
2012-09-21,69.28
2012-09-22,69.28
2012-09-23,69.28
2012-09-24,69.28
2012-09-25,69.28
2012-09-26,69.28
2012-09-27,69.28
2012-09-28,69.28
2012-09-29,69.28
2012-09-30,69.28
2012-10-01,81.66
2012-10-02,81.66
2012-10-03,81.66
2012-10-04,81.66
2012-10-05,81.66
2012-10-06,81.66
2012-10-07,81.66
2012-10-08,81.66
2012-10-09,81.66
2012-10-10,81.66
2012-10-11,81.66
2012-10-12,81.66
2012-10-13,81.66
2012-10-14,81.66
2012-10-15,81.66
2012-10-16,81.66
2012-10-17,81.66
2012-10-18,81.66
2012-10-19,81.66
2012-10-20,81.66
2012-10-21,81.66
2012-10-22,81.66
2012-10-23,81.66
2012-10-24,81.66
2012-10-25,81.66
2012-10-26,81.66
2012-10-27,81.66
2012-10-28,81.66
2012-10-29,81.66
2012-10-30,81.66
2012-10-31,81.66
2012-11-01,81.39
2012-11-02,81.39
2012-11-03,81.39
2012-11-04,81.39
2012-11-05,81.39
2012-11-06,81.39
2012-11-07,81.39
2012-11-08,81.39
2012-11-09,81.39
2012-11-10,81.39
2012-11-11,81.39
2012-11-12,81.39
2012-11-13,81.39
2012-11-14,81.39
2012-11-15,81.39
2012-11-16,81.39
2012-11-17,81.39
2012-11-18,81.39
2012-11-19,81.39
2012-11-20,81.39
2012-11-21,81.39
2012-11-22,81.39
2012-11-23,81.39
2012-11-24,81.39
2012-11-25,81.39
2012-11-26,81.39
2012-11-27,81.39
2012-11-28,81.39
2012-11-29,81.39
2012-11-30,81.39
2012-12-01,74.83
2012-12-02,74.83
2012-12-03,74.83
2012-12-04,74.83
2012-12-05,74.83
2012-12-06,74.83
2012-12-07,74.83
2012-12-08,74.83
2012-12-09,74.83
2012-12-10,74.83
2012-12-11,74.83
2012-12-12,74.83
2012-12-13,74.83
2012-12-14,74.83
2012-12-15,74.83
2012-12-16,74.83
2012-12-17,74.83
2012-12-18,74.83
2012-12-19,74.83
2012-12-20,74.83
2012-12-21,74.83
2012-12-22,74.83
2012-12-23,74.83
2012-12-24,74.83
2012-12-25,74.83
2012-12-26,74.83
2012-12-27,74.83
2012-12-28,74.83
2012-12-29,74.83
2012-12-30,74.83
2012-12-31,74.83
2013-01-01,90.66
2013-01-02,90.66
2013-01-03,90.66
2013-01-04,90.66
2013-01-05,90.66
2013-01-06,90.66
2013-01-07,90.66
2013-01-08,90.66
2013-01-09,90.66
2013-01-10,90.66
2013-01-11,90.66
2013-01-12,90.66
2013-01-13,90.66
2013-01-14,90.66
2013-01-15,90.66
2013-01-16,90.66
2013-01-17,90.66
2013-01-18,90.66
2013-01-19,90.66
2013-01-20,90.66
2013-01-21,90.66
2013-01-22,90.66
2013-01-23,90.66
2013-01-24,90.66
2013-01-25,90.66
2013-01-26,90.66
2013-01-27,90.66
2013-01-28,90.66
2013-01-29,90.66
2013-01-30,90.66
2013-01-31,90.66
2013-02-01,81.59
2013-02-02,81.59
2013-02-03,81.59
2013-02-04,81.59
2013-02-05,81.59
2013-02-06,81.59
2013-02-07,81.59
2013-02-08,81.59
2013-02-09,81.59
2013-02-10,81.59
2013-02-11,81.59
2013-02-12,81.59
2013-02-13,81.59
2013-02-14,81.59
2013-02-15,81.59
2013-02-16,81.59
2013-02-17,81.59
2013-02-18,81.59
2013-02-19,81.59
2013-02-20,81.59
2013-02-21,81.59
2013-02-22,81.59
2013-02-23,81.59
2013-02-24,81.59
2013-02-25,81.59
2013-02-26,81.59
2013-02-27,81.59
2013-02-28,81.59
2013-03-01,75.9
2013-03-02,75.9
2013-03-03,75.9
2013-03-04,75.9
2013-03-05,75.9
2013-03-06,75.9
2013-03-07,75.9
2013-03-08,75.9
2013-03-09,75.9
2013-03-10,75.9
2013-03-11,75.9
2013-03-12,75.9
2013-03-13,75.9
2013-03-14,75.9
2013-03-15,75.9
2013-03-16,75.9
2013-03-17,75.9
2013-03-18,75.9
2013-03-19,75.9
2013-03-20,75.9
2013-03-21,75.9
2013-03-22,75.9
2013-03-23,75.9
2013-03-24,75.9
2013-03-25,75.9
2013-03-26,75.9
2013-03-27,75.9
2013-03-28,75.9
2013-03-29,75.9
2013-03-30,75.9
2013-03-31,75.9
2013-04-01,95.11
2013-04-02,95.11
2013-04-03,95.11
2013-04-04,95.11
2013-04-05,95.11
2013-04-06,95.11
2013-04-07,95.11
2013-04-08,95.11
2013-04-09,95.11
2013-04-10,95.11
2013-04-11,95.11
2013-04-12,95.11
2013-04-13,95.11
2013-04-14,95.11
2013-04-15,95.11
2013-04-16,95.11
2013-04-17,95.11
2013-04-18,95.11
2013-04-19,95.11
2013-04-20,95.11
2013-04-21,95.11
2013-04-22,95.11
2013-04-23,95.11
2013-04-24,95.11
2013-04-25,95.11
2013-04-26,95.11
2013-04-27,95.11
2013-04-28,95.11
2013-04-29,95.11
2013-04-30,95.11
2013-05-01,83.72
2013-05-02,83.72
2013-05-03,83.72
2013-05-04,83.72
2013-05-05,83.72
2013-05-06,83.72
2013-05-07,83.72
2013-05-08,83.72
2013-05-09,83.72
2013-05-10,83.72
2013-05-11,83.72
2013-05-12,83.72
2013-05-13,83.72
2013-05-14,83.72
2013-05-15,83.72
2013-05-16,83.72
2013-05-17,83.72
2013-05-18,83.72
2013-05-19,83.72
2013-05-20,83.72
2013-05-21,83.72
2013-05-22,83.72
2013-05-23,83.72
2013-05-24,83.72
2013-05-25,83.72
2013-05-26,83.72
2013-05-27,83.72
2013-05-28,83.72
2013-05-29,83.72
2013-05-30,83.72
2013-05-31,83.72
2013-06-01,82.97
2013-06-02,82.97
2013-06-03,82.97
2013-06-04,82.97
2013-06-05,82.97
2013-06-06,82.97
2013-06-07,82.97
2013-06-08,82.97
2013-06-09,82.97
2013-06-10,82.97
2013-06-11,82.97
2013-06-12,82.97
2013-06-13,82.97
2013-06-14,82.97
2013-06-15,82.97
2013-06-16,82.97
2013-06-17,82.97
2013-06-18,82.97
2013-06-19,82.97
2013-06-20,82.97
2013-06-21,82.97
2013-06-22,82.97
2013-06-23,82.97
2013-06-24,82.97
2013-06-25,82.97
2013-06-26,82.97
2013-06-27,82.97
2013-06-28,82.97
2013-06-29,82.97
2013-06-30,82.97
2013-07-01,73.98
2013-07-02,73.98
2013-07-03,73.98
2013-07-04,73.98
2013-07-05,73.98
2013-07-06,73.98
2013-07-07,73.98
2013-07-08,73.98
2013-07-09,73.98
2013-07-10,73.98
2013-07-11,73.98
2013-07-12,73.98
2013-07-13,73.98
2013-07-14,73.98
2013-07-15,73.98
2013-07-16,73.98
2013-07-17,73.98
2013-07-18,73.98
2013-07-19,73.98
2013-07-20,73.98
2013-07-21,73.98
2013-07-22,73.98
2013-07-23,73.98
2013-07-24,73.98
2013-07-25,73.98
2013-07-26,73.98
2013-07-27,73.98
2013-07-28,73.98
2013-07-29,73.98
2013-07-30,73.98
2013-07-31,73.98
2013-08-01,90.96
2013-08-02,90.96
2013-08-03,90.96
2013-08-04,90.96
2013-08-05,90.96
2013-08-06,90.96
2013-08-07,90.96
2013-08-08,90.96
2013-08-09,90.96
2013-08-10,90.96
2013-08-11,90.96
2013-08-12,90.96
2013-08-13,90.96
2013-08-14,90.96
2013-08-15,90.96
2013-08-16,90.96
2013-08-17,90.96
2013-08-18,90.96
2013-08-19,90.96
2013-08-20,90.96
2013-08-21,90.96
2013-08-22,90.96
2013-08-23,90.96
2013-08-24,90.96
2013-08-25,90.96
2013-08-26,90.96
2013-08-27,90.96
2013-08-28,90.96
2013-08-29,90.96
2013-08-30,90.96
2013-08-31,90.96
2013-09-01,100.46
2013-09-02,100.46
2013-09-03,100.46
2013-09-04,100.46
2013-09-05,100.46
2013-09-06,100.46
2013-09-07,100.46
2013-09-08,100.46
2013-09-09,100.46
2013-09-10,100.46
2013-09-11,100.46
2013-09-12,100.46
2013-09-13,100.46
2013-09-14,100.46
2013-09-15,100.46
2013-09-16,100.46
2013-09-17,100.46
2013-09-18,100.46
2013-09-19,100.46
2013-09-20,100.46
2013-09-21,100.46
2013-09-22,100.46
2013-09-23,100.46
2013-09-24,100.46
2013-09-25,100.46
2013-09-26,100.46
2013-09-27,100.46
2013-09-28,100.46
2013-09-29,100.46
2013-09-30,100.46
2013-10-01,72.95
2013-10-02,72.95
2013-10-03,72.95
2013-10-04,72.95
2013-10-05,72.95
2013-10-06,72.95
2013-10-07,72.95
2013-10-08,72.95
2013-10-09,72.95
2013-10-10,72.95
2013-10-11,72.95
2013-10-12,72.95
2013-10-13,72.95
2013-10-14,72.95
2013-10-15,72.95
2013-10-16,72.95
2013-10-17,72.95
2013-10-18,72.95
2013-10-19,72.95
2013-10-20,72.95
2013-10-21,72.95
2013-10-22,72.95
2013-10-23,72.95
2013-10-24,72.95
2013-10-25,72.95
2013-10-26,72.95
2013-10-27,72.95
2013-10-28,72.95
2013-10-29,72.95
2013-10-30,72.95
2013-10-31,72.95
2013-11-01,77.78
2013-11-02,77.78
2013-11-03,77.78
2013-11-04,77.78
2013-11-05,77.78
2013-11-06,77.78
2013-11-07,77.78
2013-11-08,77.78
2013-11-09,77.78
2013-11-10,77.78
2013-11-11,77.78
2013-11-12,77.78
2013-11-13,77.78
2013-11-14,77.78
2013-11-15,77.78
2013-11-16,77.78
2013-11-17,77.78
2013-11-18,77.78
2013-11-19,77.78
2013-11-20,77.78
2013-11-21,77.78
2013-11-22,77.78
2013-11-23,77.78
2013-11-24,77.78
2013-11-25,77.78
2013-11-26,77.78
2013-11-27,77.78
2013-11-28,77.78
2013-11-29,77.78
2013-11-30,77.78
2013-12-01,70.37
2013-12-02,70.37
2013-12-03,70.37
2013-12-04,70.37
2013-12-05,70.37
2013-12-06,70.37
2013-12-07,70.37
2013-12-08,70.37
2013-12-09,70.37
2013-12-10,70.37
2013-12-11,70.37
2013-12-12,70.37
2013-12-13,70.37
2013-12-14,70.37
2013-12-15,70.37
2013-12-16,70.37
2013-12-17,70.37
2013-12-18,70.37
2013-12-19,70.37
2013-12-20,70.37
2013-12-21,70.37
2013-12-22,70.37
2013-12-23,70.37
2013-12-24,70.37
2013-12-25,70.37
2013-12-26,70.37
2013-12-27,70.37
2013-12-28,70.37
2013-12-29,70.37
2013-12-30,70.37
2013-12-31,70.37
2014-01-01,77.92
2014-01-02,77.92
2014-01-03,77.92
2014-01-04,77.92
2014-01-05,77.92
2014-01-06,77.92
2014-01-07,77.92
2014-01-08,77.92
2014-01-09,77.92
2014-01-10,77.92
2014-01-11,77.92
2014-01-12,77.92
2014-01-13,77.92
2014-01-14,77.92
2014-01-15,77.92
2014-01-16,77.92
2014-01-17,77.92
2014-01-18,77.92
2014-01-19,77.92
2014-01-20,77.92
2014-01-21,77.92
2014-01-22,77.92
2014-01-23,77.92
2014-01-24,77.92
2014-01-25,77.92
2014-01-26,77.92
2014-01-27,77.92
2014-01-28,77.92
2014-01-29,77.92
2014-01-30,77.92
2014-01-31,77.92
2014-02-01,69.0
2014-02-02,69.0
2014-02-03,69.0
2014-02-04,69.0
2014-02-05,69.0
2014-02-06,69.0
2014-02-07,69.0
2014-02-08,69.0
2014-02-09,69.0
2014-02-10,69.0
2014-02-11,69.0
2014-02-12,69.0
2014-02-13,69.0
2014-02-14,69.0
2014-02-15,69.0
2014-02-16,69.0
2014-02-17,69.0
2014-02-18,69.0
2014-02-19,69.0
2014-02-20,69.0
2014-02-21,69.0
2014-02-22,69.0
2014-02-23,69.0
2014-02-24,69.0
2014-02-25,69.0
2014-02-26,69.0
2014-02-27,69.0
2014-02-28,69.0
2014-03-01,119.84
2014-03-02,119.84
2014-03-03,119.84
2014-03-04,119.84
2014-03-05,119.84
2014-03-06,119.84
2014-03-07,119.84
2014-03-08,119.84
2014-03-09,119.84
2014-03-10,119.84
2014-03-11,119.84
2014-03-12,119.84
2014-03-13,119.84
2014-03-14,119.84
2014-03-15,119.84
2014-03-16,119.84
2014-03-17,119.84
2014-03-18,119.84
2014-03-19,119.84
2014-03-20,119.84
2014-03-21,119.84
2014-03-22,119.84
2014-03-23,119.84
2014-03-24,119.84
2014-03-25,119.84
2014-03-26,119.84
2014-03-27,119.84
2014-03-28,119.84
2014-03-29,119.84
2014-03-30,119.84
2014-03-31,119.84
2014-04-01,93.22
2014-04-02,93.22
2014-04-03,93.22
2014-04-04,93.22
2014-04-05,93.22
2014-04-06,93.22
2014-04-07,93.22
2014-04-08,93.22
2014-04-09,93.22
2014-04-10,93.22
2014-04-11,93.22
2014-04-12,93.22
2014-04-13,93.22
2014-04-14,93.22
2014-04-15,93.22
2014-04-16,93.22
2014-04-17,93.22
2014-04-18,93.22
2014-04-19,93.22
2014-04-20,93.22
2014-04-21,93.22
2014-04-22,93.22
2014-04-23,93.22
2014-04-24,93.22
2014-04-25,93.22
2014-04-26,93.22
2014-04-27,93.22
2014-04-28,93.22
2014-04-29,93.22
2014-04-30,93.22
2014-05-01,83.43
2014-05-02,83.43
2014-05-03,83.43
2014-05-04,83.43
2014-05-05,83.43
2014-05-06,83.43
2014-05-07,83.43
2014-05-08,83.43
2014-05-09,83.43
2014-05-10,83.43
2014-05-11,83.43
2014-05-12,83.43
2014-05-13,83.43
2014-05-14,83.43
2014-05-15,83.43
2014-05-16,83.43
2014-05-17,83.43
2014-05-18,83.43
2014-05-19,83.43
2014-05-20,83.43
2014-05-21,83.43
2014-05-22,83.43
2014-05-23,83.43
2014-05-24,83.43
2014-05-25,83.43
2014-05-26,83.43
2014-05-27,83.43
2014-05-28,83.43
2014-05-29,83.43
2014-05-30,83.43
2014-05-31,83.43
2014-06-01,98.77
2014-06-02,98.77
2014-06-03,98.77
2014-06-04,98.77
2014-06-05,98.77
2014-06-06,98.77
2014-06-07,98.77
2014-06-08,98.77
2014-06-09,98.77
2014-06-10,98.77
2014-06-11,98.77
2014-06-12,98.77
2014-06-13,98.77
2014-06-14,98.77
2014-06-15,98.77
2014-06-16,98.77
2014-06-17,98.77
2014-06-18,98.77
2014-06-19,98.77
2014-06-20,98.77
2014-06-21,98.77
2014-06-22,98.77
2014-06-23,98.77
2014-06-24,98.77
2014-06-25,98.77
2014-06-26,98.77
2014-06-27,98.77
2014-06-28,98.77
2014-06-29,98.77
2014-06-30,98.77
2014-07-01,138.75
2014-07-02,138.75
2014-07-03,138.75
2014-07-04,138.75
2014-07-05,138.75
2014-07-06,138.75
2014-07-07,138.75
2014-07-08,138.75
2014-07-09,138.75
2014-07-10,138.75
2014-07-11,138.75
2014-07-12,138.75
2014-07-13,138.75
2014-07-14,138.75
2014-07-15,138.75
2014-07-16,138.75
2014-07-17,138.75
2014-07-18,138.75
2014-07-19,138.75
2014-07-20,138.75
2014-07-21,138.75
2014-07-22,138.75
2014-07-23,138.75
2014-07-24,138.75
2014-07-25,138.75
2014-07-26,138.75
2014-07-27,138.75
2014-07-28,138.75
2014-07-29,138.75
2014-07-30,138.75
2014-07-31,138.75
2014-08-01,136.45
2014-08-02,136.45
2014-08-03,136.45
2014-08-04,136.45
2014-08-05,136.45
2014-08-06,136.45
2014-08-07,136.45
2014-08-08,136.45
2014-08-09,136.45
2014-08-10,136.45
2014-08-11,136.45
2014-08-12,136.45
2014-08-13,136.45
2014-08-14,136.45
2014-08-15,136.45
2014-08-16,136.45
2014-08-17,136.45
2014-08-18,136.45
2014-08-19,136.45
2014-08-20,136.45
2014-08-21,136.45
2014-08-22,136.45
2014-08-23,136.45
2014-08-24,136.45
2014-08-25,136.45
2014-08-26,136.45
2014-08-27,136.45
2014-08-28,136.45
2014-08-29,136.45
2014-08-30,136.45
2014-08-31,136.45
2014-09-01,131.56
2014-09-02,131.56
2014-09-03,131.56
2014-09-04,131.56
2014-09-05,131.56
2014-09-06,131.56
2014-09-07,131.56
2014-09-08,131.56
2014-09-09,131.56
2014-09-10,131.56
2014-09-11,131.56
2014-09-12,131.56
2014-09-13,131.56
2014-09-14,131.56
2014-09-15,131.56
2014-09-16,131.56
2014-09-17,131.56
2014-09-18,131.56
2014-09-19,131.56
2014-09-20,131.56
2014-09-21,131.56
2014-09-22,131.56
2014-09-23,131.56
2014-09-24,131.56
2014-09-25,131.56
2014-09-26,131.56
2014-09-27,131.56
2014-09-28,131.56
2014-09-29,131.56
2014-09-30,131.56
2014-10-01,83.66
2014-10-02,83.66
2014-10-03,83.66
2014-10-04,83.66
2014-10-05,83.66
2014-10-06,83.66
2014-10-07,83.66
2014-10-08,83.66
2014-10-09,83.66
2014-10-10,83.66
2014-10-11,83.66
2014-10-12,83.66
2014-10-13,83.66
2014-10-14,83.66
2014-10-15,83.66
2014-10-16,83.66
2014-10-17,83.66
2014-10-18,83.66
2014-10-19,83.66
2014-10-20,83.66
2014-10-21,83.66
2014-10-22,83.66
2014-10-23,83.66
2014-10-24,83.66
2014-10-25,83.66
2014-10-26,83.66
2014-10-27,83.66
2014-10-28,83.66
2014-10-29,83.66
2014-10-30,83.66
2014-10-31,83.66
2014-11-01,84.38
2014-11-02,84.38
2014-11-03,84.38
2014-11-04,84.38
2014-11-05,84.38
2014-11-06,84.38
2014-11-07,84.38
2014-11-08,84.38
2014-11-09,84.38
2014-11-10,84.38
2014-11-11,84.38
2014-11-12,84.38
2014-11-13,84.38
2014-11-14,84.38
2014-11-15,84.38
2014-11-16,84.38
2014-11-17,84.38
2014-11-18,84.38
2014-11-19,84.38
2014-11-20,84.38
2014-11-21,84.38
2014-11-22,84.38
2014-11-23,84.38
2014-11-24,84.38
2014-11-25,84.38
2014-11-26,84.38
2014-11-27,84.38
2014-11-28,84.38
2014-11-29,84.38
2014-11-30,84.38
2014-12-01,86.53
2014-12-02,86.53
2014-12-03,86.53
2014-12-04,86.53
2014-12-05,86.53
2014-12-06,86.53
2014-12-07,86.53
2014-12-08,86.53
2014-12-09,86.53
2014-12-10,86.53
2014-12-11,86.53
2014-12-12,86.53
2014-12-13,86.53
2014-12-14,86.53
2014-12-15,86.53
2014-12-16,86.53
2014-12-17,86.53
2014-12-18,86.53
2014-12-19,86.53
2014-12-20,86.53
2014-12-21,86.53
2014-12-22,86.53
2014-12-23,86.53
2014-12-24,86.53
2014-12-25,86.53
2014-12-26,86.53
2014-12-27,86.53
2014-12-28,86.53
2014-12-29,86.53
2014-12-30,86.53
2014-12-31,86.53
2015-01-01,111.99
2015-01-02,111.99
2015-01-03,111.99
2015-01-04,111.99
2015-01-05,111.99
2015-01-06,111.99
2015-01-07,111.99
2015-01-08,111.99
2015-01-09,111.99
2015-01-10,111.99
2015-01-11,111.99
2015-01-12,111.99
2015-01-13,111.99
2015-01-14,111.99
2015-01-15,111.99
2015-01-16,111.99
2015-01-17,111.99
2015-01-18,111.99
2015-01-19,111.99
2015-01-20,111.99
2015-01-21,111.99
2015-01-22,111.99
2015-01-23,111.99
2015-01-24,111.99
2015-01-25,111.99
2015-01-26,111.99
2015-01-27,111.99
2015-01-28,111.99
2015-01-29,111.99
2015-01-30,111.99
2015-01-31,111.99
2015-02-01,111.92
2015-02-02,111.92
2015-02-03,111.92
2015-02-04,111.92
2015-02-05,111.92
2015-02-06,111.92
2015-02-07,111.92
2015-02-08,111.92
2015-02-09,111.92
2015-02-10,111.92
2015-02-11,111.92
2015-02-12,111.92
2015-02-13,111.92
2015-02-14,111.92
2015-02-15,111.92
2015-02-16,111.92
2015-02-17,111.92
2015-02-18,111.92
2015-02-19,111.92
2015-02-20,111.92
2015-02-21,111.92
2015-02-22,111.92
2015-02-23,111.92
2015-02-24,111.92
2015-02-25,111.92
2015-02-26,111.92
2015-02-27,111.92
2015-02-28,111.92
2015-03-01,104.24
2015-03-02,104.24
2015-03-03,104.24
2015-03-04,104.24
2015-03-05,104.24
2015-03-06,104.24
2015-03-07,104.24
2015-03-08,104.24
2015-03-09,104.24
2015-03-10,104.24
2015-03-11,104.24
2015-03-12,104.24
2015-03-13,104.24
2015-03-14,104.24
2015-03-15,104.24
2015-03-16,104.24
2015-03-17,104.24
2015-03-18,104.24
2015-03-19,104.24
2015-03-20,104.24
2015-03-21,104.24
2015-03-22,104.24
2015-03-23,104.24
2015-03-24,104.24
2015-03-25,104.24
2015-03-26,104.24
2015-03-27,104.24
2015-03-28,104.24
2015-03-29,104.24
2015-03-30,104.24
2015-03-31,104.24
2015-04-01,102.19
2015-04-02,102.19
2015-04-03,102.19
2015-04-04,102.19
2015-04-05,102.19
2015-04-06,102.19
2015-04-07,102.19
2015-04-08,102.19
2015-04-09,102.19
2015-04-10,102.19
2015-04-11,102.19
2015-04-12,102.19
2015-04-13,102.19
2015-04-14,102.19
2015-04-15,102.19
2015-04-16,102.19
2015-04-17,102.19
2015-04-18,102.19
2015-04-19,102.19
2015-04-20,102.19
2015-04-21,102.19
2015-04-22,102.19
2015-04-23,102.19
2015-04-24,102.19
2015-04-25,102.19
2015-04-26,102.19
2015-04-27,102.19
2015-04-28,102.19
2015-04-29,102.19
2015-04-30,102.19
2015-05-01,76.26
2015-05-02,76.26
2015-05-03,76.26
2015-05-04,76.26
2015-05-05,76.26
2015-05-06,76.26
2015-05-07,76.26
2015-05-08,76.26
2015-05-09,76.26
2015-05-10,76.26
2015-05-11,76.26
2015-05-12,76.26
2015-05-13,76.26
2015-05-14,76.26
2015-05-15,76.26
2015-05-16,76.26
2015-05-17,76.26
2015-05-18,76.26
2015-05-19,76.26
2015-05-20,76.26
2015-05-21,76.26
2015-05-22,76.26
2015-05-23,76.26
2015-05-24,76.26
2015-05-25,76.26
2015-05-26,76.26
2015-05-27,76.26
2015-05-28,76.26
2015-05-29,76.26
2015-05-30,76.26
2015-05-31,76.26
2015-06-01,85.91
2015-06-02,85.91
2015-06-03,85.91
2015-06-04,85.91
2015-06-05,85.91
2015-06-06,85.91
2015-06-07,85.91
2015-06-08,85.91
2015-06-09,85.91
2015-06-10,85.91
2015-06-11,85.91
2015-06-12,85.91
2015-06-13,85.91
2015-06-14,85.91
2015-06-15,85.91
2015-06-16,85.91
2015-06-17,85.91
2015-06-18,85.91
2015-06-19,85.91
2015-06-20,85.91
2015-06-21,85.91
2015-06-22,85.91
2015-06-23,85.91
2015-06-24,85.91
2015-06-25,85.91
2015-06-26,85.91
2015-06-27,85.91
2015-06-28,85.91
2015-06-29,85.91
2015-06-30,85.91
2015-07-01,106.81
2015-07-02,106.81
2015-07-03,106.81
2015-07-04,106.81
2015-07-05,106.81
2015-07-06,106.81
2015-07-07,106.81
2015-07-08,106.81
2015-07-09,106.81
2015-07-10,106.81
2015-07-11,106.81
2015-07-12,106.81
2015-07-13,106.81
2015-07-14,106.81
2015-07-15,106.81
2015-07-16,106.81
2015-07-17,106.81
2015-07-18,106.81
2015-07-19,106.81
2015-07-20,106.81
2015-07-21,106.81
2015-07-22,106.81
2015-07-23,106.81
2015-07-24,106.81
2015-07-25,106.81
2015-07-26,106.81
2015-07-27,106.81
2015-07-28,106.81
2015-07-29,106.81
2015-07-30,106.81
2015-07-31,106.81
2015-08-01,82.48
2015-08-02,82.48
2015-08-03,82.48
2015-08-04,82.48
2015-08-05,82.48
2015-08-06,82.48
2015-08-07,82.48
2015-08-08,82.48
2015-08-09,82.48
2015-08-10,82.48
2015-08-11,82.48
2015-08-12,82.48
2015-08-13,82.48
2015-08-14,82.48
2015-08-15,82.48
2015-08-16,82.48
2015-08-17,82.48
2015-08-18,82.48
2015-08-19,82.48
2015-08-20,82.48
2015-08-21,82.48
2015-08-22,82.48
2015-08-23,82.48
2015-08-24,82.48
2015-08-25,82.48
2015-08-26,82.48
2015-08-27,82.48
2015-08-28,82.48
2015-08-29,82.48
2015-08-30,82.48
2015-08-31,82.48
2015-09-01,98.77
2015-09-02,98.77
2015-09-03,98.77
2015-09-04,98.77
2015-09-05,98.77
2015-09-06,98.77
2015-09-07,98.77
2015-09-08,98.77
2015-09-09,98.77
2015-09-10,98.77
2015-09-11,98.77
2015-09-12,98.77
2015-09-13,98.77
2015-09-14,98.77
2015-09-15,98.77
2015-09-16,98.77
2015-09-17,98.77
2015-09-18,98.77
2015-09-19,98.77
2015-09-20,98.77
2015-09-21,98.77
2015-09-22,98.77
2015-09-23,98.77
2015-09-24,98.77
2015-09-25,98.77
2015-09-26,98.77
2015-09-27,98.77
2015-09-28,98.77
2015-09-29,98.77
2015-09-30,98.77
2015-10-01,91.93
2015-10-02,91.93
2015-10-03,91.93
2015-10-04,91.93
2015-10-05,91.93
2015-10-06,91.93
2015-10-07,91.93
2015-10-08,91.93
2015-10-09,91.93
2015-10-10,91.93
2015-10-11,91.93
2015-10-12,91.93
2015-10-13,91.93
2015-10-14,91.93
2015-10-15,91.93
2015-10-16,91.93
2015-10-17,91.93
2015-10-18,91.93
2015-10-19,91.93
2015-10-20,91.93
2015-10-21,91.93
2015-10-22,91.93
2015-10-23,91.93
2015-10-24,91.93
2015-10-25,91.93
2015-10-26,91.93
2015-10-27,91.93
2015-10-28,91.93
2015-10-29,91.93
2015-10-30,91.93
2015-10-31,91.93
2015-11-01,150.72
2015-11-02,150.72
2015-11-03,150.72
2015-11-04,150.72
2015-11-05,150.72
2015-11-06,150.72
2015-11-07,150.72
2015-11-08,150.72
2015-11-09,150.72
2015-11-10,150.72
2015-11-11,150.72
2015-11-12,150.72
2015-11-13,150.72
2015-11-14,150.72
2015-11-15,150.72
2015-11-16,150.72
2015-11-17,150.72
2015-11-18,150.72
2015-11-19,150.72
2015-11-20,150.72
2015-11-21,150.72
2015-11-22,150.72
2015-11-23,150.72
2015-11-24,150.72
2015-11-25,150.72
2015-11-26,150.72
2015-11-27,150.72
2015-11-28,150.72
2015-11-29,150.72
2015-11-30,150.72
2015-12-01,148.24
2015-12-02,148.24
2015-12-03,148.24
2015-12-04,148.24
2015-12-05,148.24
2015-12-06,148.24
2015-12-07,148.24
2015-12-08,148.24
2015-12-09,148.24
2015-12-10,148.24
2015-12-11,148.24
2015-12-12,148.24
2015-12-13,148.24
2015-12-14,148.24
2015-12-15,148.24
2015-12-16,148.24
2015-12-17,148.24
2015-12-18,148.24
2015-12-19,148.24
2015-12-20,148.24
2015-12-21,148.24
2015-12-22,148.24
2015-12-23,148.24
2015-12-24,148.24
2015-12-25,148.24
2015-12-26,148.24
2015-12-27,148.24
2015-12-28,148.24
2015-12-29,148.24
2015-12-30,148.24
2015-12-31,148.24
2016-01-01,118.21
2016-01-02,118.21
2016-01-03,118.21
2016-01-04,118.21
2016-01-05,118.21
2016-01-06,118.21
2016-01-07,118.21
2016-01-08,118.21
2016-01-09,118.21
2016-01-10,118.21
2016-01-11,118.21
2016-01-12,118.21
2016-01-13,118.21
2016-01-14,118.21
2016-01-15,118.21
2016-01-16,118.21
2016-01-17,118.21
2016-01-18,118.21
2016-01-19,118.21
2016-01-20,118.21
2016-01-21,118.21
2016-01-22,118.21
2016-01-23,118.21
2016-01-24,118.21
2016-01-25,118.21
2016-01-26,118.21
2016-01-27,118.21
2016-01-28,118.21
2016-01-29,118.21
2016-01-30,118.21
2016-01-31,118.21
2016-02-01,103.75
2016-02-02,103.75
2016-02-03,103.75
2016-02-04,103.75
2016-02-05,103.75
2016-02-06,103.75
2016-02-07,103.75
2016-02-08,103.75
2016-02-09,103.75
2016-02-10,103.75
2016-02-11,103.75
2016-02-12,103.75
2016-02-13,103.75
2016-02-14,103.75
2016-02-15,103.75
2016-02-16,103.75
2016-02-17,103.75
2016-02-18,103.75
2016-02-19,103.75
2016-02-20,103.75
2016-02-21,103.75
2016-02-22,103.75
2016-02-23,103.75
2016-02-24,103.75
2016-02-25,103.75
2016-02-26,103.75
2016-02-27,103.75
2016-02-28,103.75
2016-02-29,103.75
2016-03-01,109.72
2016-03-02,109.72
2016-03-03,109.72
2016-03-04,109.72
2016-03-05,109.72
2016-03-06,109.72
2016-03-07,109.72
2016-03-08,109.72
2016-03-09,109.72
2016-03-10,109.72
2016-03-11,109.72
2016-03-12,109.72
2016-03-13,109.72
2016-03-14,109.72
2016-03-15,109.72
2016-03-16,109.72
2016-03-17,109.72
2016-03-18,109.72
2016-03-19,109.72
2016-03-20,109.72
2016-03-21,109.72
2016-03-22,109.72
2016-03-23,109.72
2016-03-24,109.72
2016-03-25,109.72
2016-03-26,109.72
2016-03-27,109.72
2016-03-28,109.72
2016-03-29,109.72
2016-03-30,109.72
2016-03-31,109.72
2016-04-01,85.22
2016-04-02,85.22
2016-04-03,85.22
2016-04-04,85.22
2016-04-05,85.22
2016-04-06,85.22
2016-04-07,85.22
2016-04-08,85.22
2016-04-09,85.22
2016-04-10,85.22
2016-04-11,85.22
2016-04-12,85.22
2016-04-13,85.22
2016-04-14,85.22
2016-04-15,85.22
2016-04-16,85.22
2016-04-17,85.22
2016-04-18,85.22
2016-04-19,85.22
2016-04-20,85.22
2016-04-21,85.22
2016-04-22,85.22
2016-04-23,85.22
2016-04-24,85.22
2016-04-25,85.22
2016-04-26,85.22
2016-04-27,85.22
2016-04-28,85.22
2016-04-29,85.22
2016-04-30,85.22
2016-05-01,88.33
2016-05-02,88.33
2016-05-03,88.33
2016-05-04,88.33
2016-05-05,88.33
2016-05-06,88.33
2016-05-07,88.33
2016-05-08,88.33
2016-05-09,88.33
2016-05-10,88.33
2016-05-11,88.33
2016-05-12,88.33
2016-05-13,88.33
2016-05-14,88.33
2016-05-15,88.33
2016-05-16,88.33
2016-05-17,88.33
2016-05-18,88.33
2016-05-19,88.33
2016-05-20,88.33
2016-05-21,88.33
2016-05-22,88.33
2016-05-23,88.33
2016-05-24,88.33
2016-05-25,88.33
2016-05-26,88.33
2016-05-27,88.33
2016-05-28,88.33
2016-05-29,88.33
2016-05-30,88.33
2016-05-31,88.33
2016-06-01,90.17
2016-06-02,90.17
2016-06-03,90.17
2016-06-04,90.17
2016-06-05,90.17
2016-06-06,90.17
2016-06-07,90.17
2016-06-08,90.17
2016-06-09,90.17
2016-06-10,90.17
2016-06-11,90.17
2016-06-12,90.17
2016-06-13,90.17
2016-06-14,90.17
2016-06-15,90.17
2016-06-16,90.17
2016-06-17,90.17
2016-06-18,90.17
2016-06-19,90.17
2016-06-20,90.17
2016-06-21,90.17
2016-06-22,90.17
2016-06-23,90.17
2016-06-24,90.17
2016-06-25,90.17
2016-06-26,90.17
2016-06-27,90.17
2016-06-28,90.17
2016-06-29,90.17
2016-06-30,90.17
2016-07-01,114.61
2016-07-02,114.61
2016-07-03,114.61
2016-07-04,114.61
2016-07-05,114.61
2016-07-06,114.61
2016-07-07,114.61
2016-07-08,114.61
2016-07-09,114.61
2016-07-10,114.61
2016-07-11,114.61
2016-07-12,114.61
2016-07-13,114.61
2016-07-14,114.61
2016-07-15,114.61
2016-07-16,114.61
2016-07-17,114.61
2016-07-18,114.61
2016-07-19,114.61
2016-07-20,114.61
2016-07-21,114.61
2016-07-22,114.61
2016-07-23,114.61
2016-07-24,114.61
2016-07-25,114.61
2016-07-26,114.61
2016-07-27,114.61
2016-07-28,114.61
2016-07-29,114.61
2016-07-30,114.61
2016-07-31,114.61
2016-08-01,98.74
2016-08-02,98.74
2016-08-03,98.74
2016-08-04,98.74
2016-08-05,98.74
2016-08-06,98.74
2016-08-07,98.74
2016-08-08,98.74
2016-08-09,98.74
2016-08-10,98.74
2016-08-11,98.74
2016-08-12,98.74
2016-08-13,98.74
2016-08-14,98.74
2016-08-15,98.74
2016-08-16,98.74
2016-08-17,98.74
2016-08-18,98.74
2016-08-19,98.74
2016-08-20,98.74
2016-08-21,98.74
2016-08-22,98.74
2016-08-23,98.74
2016-08-24,98.74
2016-08-25,98.74
2016-08-26,98.74
2016-08-27,98.74
2016-08-28,98.74
2016-08-29,98.74
2016-08-30,98.74
2016-08-31,98.74
2016-09-01,104.55
2016-09-02,104.55
2016-09-03,104.55
2016-09-04,104.55
2016-09-05,104.55
2016-09-06,104.55
2016-09-07,104.55
2016-09-08,104.55
2016-09-09,104.55
2016-09-10,104.55
2016-09-11,104.55
2016-09-12,104.55
2016-09-13,104.55
2016-09-14,104.55
2016-09-15,104.55
2016-09-16,104.55
2016-09-17,104.55
2016-09-18,104.55
2016-09-19,104.55
2016-09-20,104.55
2016-09-21,104.55
2016-09-22,104.55
2016-09-23,104.55
2016-09-24,104.55
2016-09-25,104.55
2016-09-26,104.55
2016-09-27,104.55
2016-09-28,104.55
2016-09-29,104.55
2016-09-30,104.55
2016-10-01,85.75
2016-10-02,85.75
2016-10-03,85.75
2016-10-04,85.75
2016-10-05,85.75
2016-10-06,85.75
2016-10-07,85.75
2016-10-08,85.75
2016-10-09,85.75
2016-10-10,85.75
2016-10-11,85.75
2016-10-12,85.75
2016-10-13,85.75
2016-10-14,85.75
2016-10-15,85.75
2016-10-16,85.75
2016-10-17,85.75
2016-10-18,85.75
2016-10-19,85.75
2016-10-20,85.75
2016-10-21,85.75
2016-10-22,85.75
2016-10-23,85.75
2016-10-24,85.75
2016-10-25,85.75
2016-10-26,85.75
2016-10-27,85.75
2016-10-28,85.75
2016-10-29,85.75
2016-10-30,85.75
2016-10-31,85.75
2016-11-01,82.92
2016-11-02,82.92
2016-11-03,82.92
2016-11-04,82.92
2016-11-05,82.92
2016-11-06,82.92
2016-11-07,82.92
2016-11-08,82.92
2016-11-09,82.92
2016-11-10,82.92
2016-11-11,82.92
2016-11-12,82.92
2016-11-13,82.92
2016-11-14,82.92
2016-11-15,82.92
2016-11-16,82.92
2016-11-17,82.92
2016-11-18,82.92
2016-11-19,82.92
2016-11-20,82.92
2016-11-21,82.92
2016-11-22,82.92
2016-11-23,82.92
2016-11-24,82.92
2016-11-25,82.92
2016-11-26,82.92
2016-11-27,82.92
2016-11-28,82.92
2016-11-29,82.92
2016-11-30,82.92
2016-12-01,102.18
2016-12-02,102.18
2016-12-03,102.18
2016-12-04,102.18
2016-12-05,102.18
2016-12-06,102.18
2016-12-07,102.18
2016-12-08,102.18
2016-12-09,102.18
2016-12-10,102.18
2016-12-11,102.18
2016-12-12,102.18
2016-12-13,102.18
2016-12-14,102.18
2016-12-15,102.18
2016-12-16,102.18
2016-12-17,102.18
2016-12-18,102.18
2016-12-19,102.18
2016-12-20,102.18
2016-12-21,102.18
2016-12-22,102.18
2016-12-23,102.18
2016-12-24,102.18
2016-12-25,102.18
2016-12-26,102.18
2016-12-27,102.18
2016-12-28,102.18
2016-12-29,102.18
2016-12-30,102.18
2016-12-31,102.18
2017-01-01,105.2
2017-01-02,105.2
2017-01-03,105.2
2017-01-04,105.2
2017-01-05,105.2
2017-01-06,105.2
2017-01-07,105.2
2017-01-08,105.2
2017-01-09,105.2
2017-01-10,105.2
2017-01-11,105.2
2017-01-12,105.2
2017-01-13,105.2
2017-01-14,105.2
2017-01-15,105.2
2017-01-16,105.2
2017-01-17,105.2
2017-01-18,105.2
2017-01-19,105.2
2017-01-20,105.2
2017-01-21,105.2
2017-01-22,105.2
2017-01-23,105.2
2017-01-24,105.2
2017-01-25,105.2
2017-01-26,105.2
2017-01-27,105.2
2017-01-28,105.2
2017-01-29,105.2
2017-01-30,105.2
2017-01-31,105.2
2017-02-01,114.21
2017-02-02,114.21
2017-02-03,114.21
2017-02-04,114.21
2017-02-05,114.21
2017-02-06,114.21
2017-02-07,114.21
2017-02-08,114.21
2017-02-09,114.21
2017-02-10,114.21
2017-02-11,114.21
2017-02-12,114.21
2017-02-13,114.21
2017-02-14,114.21
2017-02-15,114.21
2017-02-16,114.21
2017-02-17,114.21
2017-02-18,114.21
2017-02-19,114.21
2017-02-20,114.21
2017-02-21,114.21
2017-02-22,114.21
2017-02-23,114.21
2017-02-24,114.21
2017-02-25,114.21
2017-02-26,114.21
2017-02-27,114.21
2017-02-28,114.21
2017-03-01,96.64
2017-03-02,96.64
2017-03-03,96.64
2017-03-04,96.64
2017-03-05,96.64
2017-03-06,96.64
2017-03-07,96.64
2017-03-08,96.64
2017-03-09,96.64
2017-03-10,96.64
2017-03-11,96.64
2017-03-12,96.64
2017-03-13,96.64
2017-03-14,96.64
2017-03-15,96.64
2017-03-16,96.64
2017-03-17,96.64
2017-03-18,96.64
2017-03-19,96.64
2017-03-20,96.64
2017-03-21,96.64
2017-03-22,96.64
2017-03-23,96.64
2017-03-24,96.64
2017-03-25,96.64
2017-03-26,96.64
2017-03-27,96.64
2017-03-28,96.64
2017-03-29,96.64
2017-03-30,96.64
2017-03-31,96.64
2017-04-01,119.46
2017-04-02,119.46
2017-04-03,119.46
2017-04-04,119.46
2017-04-05,119.46
2017-04-06,119.46
2017-04-07,119.46
2017-04-08,119.46
2017-04-09,119.46
2017-04-10,119.46
2017-04-11,119.46
2017-04-12,119.46
2017-04-13,119.46
2017-04-14,119.46
2017-04-15,119.46
2017-04-16,119.46
2017-04-17,119.46
2017-04-18,119.46
2017-04-19,119.46
2017-04-20,119.46
2017-04-21,119.46
2017-04-22,119.46
2017-04-23,119.46
2017-04-24,119.46
2017-04-25,119.46
2017-04-26,119.46
2017-04-27,119.46
2017-04-28,119.46
2017-04-29,119.46
2017-04-30,119.46
2017-05-01,102.58
2017-05-02,102.58
2017-05-03,102.58
2017-05-04,102.58
2017-05-05,102.58
2017-05-06,102.58
2017-05-07,102.58
2017-05-08,102.58
2017-05-09,102.58
2017-05-10,102.58
2017-05-11,102.58
2017-05-12,102.58
2017-05-13,102.58
2017-05-14,102.58
2017-05-15,102.58
2017-05-16,102.58
2017-05-17,102.58
2017-05-18,102.58
2017-05-19,102.58
2017-05-20,102.58
2017-05-21,102.58
2017-05-22,102.58
2017-05-23,102.58
2017-05-24,102.58
2017-05-25,102.58
2017-05-26,102.58
2017-05-27,102.58
2017-05-28,102.58
2017-05-29,102.58
2017-05-30,102.58
2017-05-31,102.58
2017-06-01,126.79
2017-06-02,126.79
2017-06-03,126.79
2017-06-04,126.79
2017-06-05,126.79
2017-06-06,126.79
2017-06-07,126.79
2017-06-08,126.79
2017-06-09,126.79
2017-06-10,126.79
2017-06-11,126.79
2017-06-12,126.79
2017-06-13,126.79
2017-06-14,126.79
2017-06-15,126.79
2017-06-16,126.79
2017-06-17,126.79
2017-06-18,126.79
2017-06-19,126.79
2017-06-20,126.79
2017-06-21,126.79
2017-06-22,126.79
2017-06-23,126.79
2017-06-24,126.79
2017-06-25,126.79
2017-06-26,126.79
2017-06-27,126.79
2017-06-28,126.79
2017-06-29,126.79
2017-06-30,126.79
2017-07-01,102.81
2017-07-02,102.81
2017-07-03,102.81
2017-07-04,102.81
2017-07-05,102.81
2017-07-06,102.81
2017-07-07,102.81
2017-07-08,102.81
2017-07-09,102.81
2017-07-10,102.81
2017-07-11,102.81
2017-07-12,102.81
2017-07-13,102.81
2017-07-14,102.81
2017-07-15,102.81
2017-07-16,102.81
2017-07-17,102.81
2017-07-18,102.81
2017-07-19,102.81
2017-07-20,102.81
2017-07-21,102.81
2017-07-22,102.81
2017-07-23,102.81
2017-07-24,102.81
2017-07-25,102.81
2017-07-26,102.81
2017-07-27,102.81
2017-07-28,102.81
2017-07-29,102.81
2017-07-30,102.81
2017-07-31,102.81
2017-08-01,138.53
2017-08-02,138.53
2017-08-03,138.53
2017-08-04,138.53
2017-08-05,138.53
2017-08-06,138.53
2017-08-07,138.53
2017-08-08,138.53
2017-08-09,138.53
2017-08-10,138.53
2017-08-11,138.53
2017-08-12,138.53
2017-08-13,138.53
2017-08-14,138.53
2017-08-15,138.53
2017-08-16,138.53
2017-08-17,138.53
2017-08-18,138.53
2017-08-19,138.53
2017-08-20,138.53
2017-08-21,138.53
2017-08-22,138.53
2017-08-23,138.53
2017-08-24,138.53
2017-08-25,138.53
2017-08-26,138.53
2017-08-27,138.53
2017-08-28,138.53
2017-08-29,138.53
2017-08-30,138.53
2017-08-31,138.53
2017-09-01,115.53
2017-09-02,115.53
2017-09-03,115.53
2017-09-04,115.53
2017-09-05,115.53
2017-09-06,115.53
2017-09-07,115.53
2017-09-08,115.53
2017-09-09,115.53
2017-09-10,115.53
2017-09-11,115.53
2017-09-12,115.53
2017-09-13,115.53
2017-09-14,115.53
2017-09-15,115.53
2017-09-16,115.53
2017-09-17,115.53
2017-09-18,115.53
2017-09-19,115.53
2017-09-20,115.53
2017-09-21,115.53
2017-09-22,115.53
2017-09-23,115.53
2017-09-24,115.53
2017-09-25,115.53
2017-09-26,115.53
2017-09-27,115.53
2017-09-28,115.53
2017-09-29,115.53
2017-09-30,115.53
2017-10-01,91.46
2017-10-02,91.46
2017-10-03,91.46
2017-10-04,91.46
2017-10-05,91.46
2017-10-06,91.46
2017-10-07,91.46
2017-10-08,91.46
2017-10-09,91.46
2017-10-10,91.46
2017-10-11,91.46
2017-10-12,91.46
2017-10-13,91.46
2017-10-14,91.46
2017-10-15,91.46
2017-10-16,91.46
2017-10-17,91.46
2017-10-18,91.46
2017-10-19,91.46
2017-10-20,91.46
2017-10-21,91.46
2017-10-22,91.46
2017-10-23,91.46
2017-10-24,91.46
2017-10-25,91.46
2017-10-26,91.46
2017-10-27,91.46
2017-10-28,91.46
2017-10-29,91.46
2017-10-30,91.46
2017-10-31,91.46
2017-11-01,92.6
2017-11-02,92.6
2017-11-03,92.6
2017-11-04,92.6
2017-11-05,92.6
2017-11-06,92.6
2017-11-07,92.6
2017-11-08,92.6
2017-11-09,92.6
2017-11-10,92.6
2017-11-11,92.6
2017-11-12,92.6
2017-11-13,92.6
2017-11-14,92.6
2017-11-15,92.6
2017-11-16,92.6
2017-11-17,92.6
2017-11-18,92.6
2017-11-19,92.6
2017-11-20,92.6
2017-11-21,92.6
2017-11-22,92.6
2017-11-23,92.6
2017-11-24,92.6
2017-11-25,92.6
2017-11-26,92.6
2017-11-27,92.6
2017-11-28,92.6
2017-11-29,92.6
2017-11-30,92.6
2017-12-01,82.72
2017-12-02,82.72
2017-12-03,82.72
2017-12-04,82.72
2017-12-05,82.72
2017-12-06,82.72
2017-12-07,82.72
2017-12-08,82.72
2017-12-09,82.72
2017-12-10,82.72
2017-12-11,82.72
2017-12-12,82.72
2017-12-13,82.72
2017-12-14,82.72
2017-12-15,82.72
2017-12-16,82.72
2017-12-17,82.72
2017-12-18,82.72
2017-12-19,82.72
2017-12-20,82.72
2017-12-21,82.72
2017-12-22,82.72
2017-12-23,82.72
2017-12-24,82.72
2017-12-25,82.72
2017-12-26,82.72
2017-12-27,82.72
2017-12-28,82.72
2017-12-29,82.72
2017-12-30,82.72
2017-12-31,82.72
2018-01-01,92.43
2018-01-02,92.43
2018-01-03,92.43
2018-01-04,92.43
2018-01-05,92.43
2018-01-06,92.43
2018-01-07,92.43
2018-01-08,92.43
2018-01-09,92.43
2018-01-10,92.43
2018-01-11,92.43
2018-01-12,92.43
2018-01-13,92.43
2018-01-14,92.43
2018-01-15,92.43
2018-01-16,92.43
2018-01-17,92.43
2018-01-18,92.43
2018-01-19,92.43
2018-01-20,92.43
2018-01-21,92.43
2018-01-22,92.43
2018-01-23,92.43
2018-01-24,92.43
2018-01-25,92.43
2018-01-26,92.43
2018-01-27,92.43
2018-01-28,92.43
2018-01-29,92.43
2018-01-30,92.43
2018-01-31,92.43
2018-02-01,64.49
2018-02-02,64.49
2018-02-03,64.49
2018-02-04,64.49
2018-02-05,64.49
2018-02-06,64.49
2018-02-07,64.49
2018-02-08,64.49
2018-02-09,64.49
2018-02-10,64.49
2018-02-11,64.49
2018-02-12,64.49
2018-02-13,64.49
2018-02-14,64.49
2018-02-15,64.49
2018-02-16,64.49
2018-02-17,64.49
2018-02-18,64.49
2018-02-19,64.49
2018-02-20,64.49
2018-02-21,64.49
2018-02-22,64.49
2018-02-23,64.49
2018-02-24,64.49
2018-02-25,64.49
2018-02-26,64.49
2018-02-27,64.49
2018-02-28,64.49
2018-03-01,111.96
2018-03-02,111.96
2018-03-03,111.96
2018-03-04,111.96
2018-03-05,111.96
2018-03-06,111.96
2018-03-07,111.96
2018-03-08,111.96
2018-03-09,111.96
2018-03-10,111.96
2018-03-11,111.96
2018-03-12,111.96
2018-03-13,111.96
2018-03-14,111.96
2018-03-15,111.96
2018-03-16,111.96
2018-03-17,111.96
2018-03-18,111.96
2018-03-19,111.96
2018-03-20,111.96
2018-03-21,111.96
2018-03-22,111.96
2018-03-23,111.96
2018-03-24,111.96
2018-03-25,111.96
2018-03-26,111.96
2018-03-27,111.96
2018-03-28,111.96
2018-03-29,111.96
2018-03-30,111.96
2018-03-31,111.96
2018-04-01,123.26
2018-04-02,123.26
2018-04-03,123.26
2018-04-04,123.26
2018-04-05,123.26
2018-04-06,123.26
2018-04-07,123.26
2018-04-08,123.26
2018-04-09,123.26
2018-04-10,123.26
2018-04-11,123.26
2018-04-12,123.26
2018-04-13,123.26
2018-04-14,123.26
2018-04-15,123.26
2018-04-16,123.26
2018-04-17,123.26
2018-04-18,123.26
2018-04-19,123.26
2018-04-20,123.26
2018-04-21,123.26
2018-04-22,123.26
2018-04-23,123.26
2018-04-24,123.26
2018-04-25,123.26
2018-04-26,123.26
2018-04-27,123.26
2018-04-28,123.26
2018-04-29,123.26
2018-04-30,123.26
2018-05-01,125.67
2018-05-02,125.67
2018-05-03,125.67
2018-05-04,125.67
2018-05-05,125.67
2018-05-06,125.67
2018-05-07,125.67
2018-05-08,125.67
2018-05-09,125.67
2018-05-10,125.67
2018-05-11,125.67
2018-05-12,125.67
2018-05-13,125.67
2018-05-14,125.67
2018-05-15,125.67
2018-05-16,125.67
2018-05-17,125.67
2018-05-18,125.67
2018-05-19,125.67
2018-05-20,125.67
2018-05-21,125.67
2018-05-22,125.67
2018-05-23,125.67
2018-05-24,125.67
2018-05-25,125.67
2018-05-26,125.67
2018-05-27,125.67
2018-05-28,125.67
2018-05-29,125.67
2018-05-30,125.67
2018-05-31,125.67
2018-06-01,103.97
2018-06-02,103.97
2018-06-03,103.97
2018-06-04,103.97
2018-06-05,103.97
2018-06-06,103.97
2018-06-07,103.97
2018-06-08,103.97
2018-06-09,103.97
2018-06-10,103.97
2018-06-11,103.97
2018-06-12,103.97
2018-06-13,103.97
2018-06-14,103.97
2018-06-15,103.97
2018-06-16,103.97
2018-06-17,103.97
2018-06-18,103.97
2018-06-19,103.97
2018-06-20,103.97
2018-06-21,103.97
2018-06-22,103.97
2018-06-23,103.97
2018-06-24,103.97
2018-06-25,103.97
2018-06-26,103.97
2018-06-27,103.97
2018-06-28,103.97
2018-06-29,103.97
2018-06-30,103.97
2018-07-01,110.03
2018-07-02,110.03
2018-07-03,110.03
2018-07-04,110.03
2018-07-05,110.03
2018-07-06,110.03
2018-07-07,110.03
2018-07-08,110.03
2018-07-09,110.03
2018-07-10,110.03
2018-07-11,110.03
2018-07-12,110.03
2018-07-13,110.03
2018-07-14,110.03
2018-07-15,110.03
2018-07-16,110.03
2018-07-17,110.03
2018-07-18,110.03
2018-07-19,110.03
2018-07-20,110.03
2018-07-21,110.03
2018-07-22,110.03
2018-07-23,110.03
2018-07-24,110.03
2018-07-25,110.03
2018-07-26,110.03
2018-07-27,110.03
2018-07-28,110.03
2018-07-29,110.03
2018-07-30,110.03
2018-07-31,110.03
2018-08-01,112.74
2018-08-02,112.74
2018-08-03,112.74
2018-08-04,112.74
2018-08-05,112.74
2018-08-06,112.74
2018-08-07,112.74
2018-08-08,112.74
2018-08-09,112.74
2018-08-10,112.74
2018-08-11,112.74
2018-08-12,112.74
2018-08-13,112.74
2018-08-14,112.74
2018-08-15,112.74
2018-08-16,112.74
2018-08-17,112.74
2018-08-18,112.74
2018-08-19,112.74
2018-08-20,112.74
2018-08-21,112.74
2018-08-22,112.74
2018-08-23,112.74
2018-08-24,112.74
2018-08-25,112.74
2018-08-26,112.74
2018-08-27,112.74
2018-08-28,112.74
2018-08-29,112.74
2018-08-30,112.74
2018-08-31,112.74
2018-09-01,75.05
2018-09-02,75.05
2018-09-03,75.05
2018-09-04,75.05
2018-09-05,75.05
2018-09-06,75.05
2018-09-07,75.05
2018-09-08,75.05
2018-09-09,75.05
2018-09-10,75.05
2018-09-11,75.05
2018-09-12,75.05
2018-09-13,75.05
2018-09-14,75.05
2018-09-15,75.05
2018-09-16,75.05
2018-09-17,75.05
2018-09-18,75.05
2018-09-19,75.05
2018-09-20,75.05
2018-09-21,75.05
2018-09-22,75.05
2018-09-23,75.05
2018-09-24,75.05
2018-09-25,75.05
2018-09-26,75.05
2018-09-27,75.05
2018-09-28,75.05
2018-09-29,75.05
2018-09-30,75.05
2018-10-01,92.02
2018-10-02,92.02
2018-10-03,92.02
2018-10-04,92.02
2018-10-05,92.02
2018-10-06,92.02
2018-10-07,92.02
2018-10-08,92.02
2018-10-09,92.02
2018-10-10,92.02
2018-10-11,92.02
2018-10-12,92.02
2018-10-13,92.02
2018-10-14,92.02
2018-10-15,92.02
2018-10-16,92.02
2018-10-17,92.02
2018-10-18,92.02
2018-10-19,92.02
2018-10-20,92.02
2018-10-21,92.02
2018-10-22,92.02
2018-10-23,92.02
2018-10-24,92.02
2018-10-25,92.02
2018-10-26,92.02
2018-10-27,92.02
2018-10-28,92.02
2018-10-29,92.02
2018-10-30,92.02
2018-10-31,92.02
2018-11-01,80.41
2018-11-02,80.41
2018-11-03,80.41
2018-11-04,80.41
2018-11-05,80.41
2018-11-06,80.41
2018-11-07,80.41
2018-11-08,80.41
2018-11-09,80.41
2018-11-10,80.41
2018-11-11,80.41
2018-11-12,80.41
2018-11-13,80.41
2018-11-14,80.41
2018-11-15,80.41
2018-11-16,80.41
2018-11-17,80.41
2018-11-18,80.41
2018-11-19,80.41
2018-11-20,80.41
2018-11-21,80.41
2018-11-22,80.41
2018-11-23,80.41
2018-11-24,80.41
2018-11-25,80.41
2018-11-26,80.41
2018-11-27,80.41
2018-11-28,80.41
2018-11-29,80.41
2018-11-30,80.41
2018-12-01,90.61
2018-12-02,90.61
2018-12-03,90.61
2018-12-04,90.61
2018-12-05,90.61
2018-12-06,90.61
2018-12-07,90.61
2018-12-08,90.61
2018-12-09,90.61
2018-12-10,90.61
2018-12-11,90.61
2018-12-12,90.61
2018-12-13,90.61
2018-12-14,90.61
2018-12-15,90.61
2018-12-16,90.61
2018-12-17,90.61
2018-12-18,90.61
2018-12-19,90.61
2018-12-20,90.61
2018-12-21,90.61
2018-12-22,90.61
2018-12-23,90.61
2018-12-24,90.61
2018-12-25,90.61
2018-12-26,90.61
2018-12-27,90.61
2018-12-28,90.61
2018-12-29,90.61
2018-12-30,90.61
2018-12-31,90.61
2019-01-01,87.42
2019-01-02,87.42
2019-01-03,87.42
2019-01-04,87.42
2019-01-05,87.42
2019-01-06,87.42
2019-01-07,87.42
2019-01-08,87.42
2019-01-09,87.42
2019-01-10,87.42
2019-01-11,87.42
2019-01-12,87.42
2019-01-13,87.42
2019-01-14,87.42
2019-01-15,87.42
2019-01-16,87.42
2019-01-17,87.42
2019-01-18,87.42
2019-01-19,87.42
2019-01-20,87.42
2019-01-21,87.42
2019-01-22,87.42
2019-01-23,87.42
2019-01-24,87.42
2019-01-25,87.42
2019-01-26,87.42
2019-01-27,87.42
2019-01-28,87.42
2019-01-29,87.42
2019-01-30,87.42
2019-01-31,87.42
2019-02-01,96.8
2019-02-02,96.8
2019-02-03,96.8
2019-02-04,96.8
2019-02-05,96.8
2019-02-06,96.8
2019-02-07,96.8
2019-02-08,96.8
2019-02-09,96.8
2019-02-10,96.8
2019-02-11,96.8
2019-02-12,96.8
2019-02-13,96.8
2019-02-14,96.8
2019-02-15,96.8
2019-02-16,96.8
2019-02-17,96.8
2019-02-18,96.8
2019-02-19,96.8
2019-02-20,96.8
2019-02-21,96.8
2019-02-22,96.8
2019-02-23,96.8
2019-02-24,96.8
2019-02-25,96.8
2019-02-26,96.8
2019-02-27,96.8
2019-02-28,96.8
2019-03-01,82.33
2019-03-02,82.33
2019-03-03,82.33
2019-03-04,82.33
2019-03-05,82.33
2019-03-06,82.33
2019-03-07,82.33
2019-03-08,82.33
2019-03-09,82.33
2019-03-10,82.33
2019-03-11,82.33
2019-03-12,82.33
2019-03-13,82.33
2019-03-14,82.33
2019-03-15,82.33
2019-03-16,82.33
2019-03-17,82.33
2019-03-18,82.33
2019-03-19,82.33
2019-03-20,82.33
2019-03-21,82.33
2019-03-22,82.33
2019-03-23,82.33
2019-03-24,82.33
2019-03-25,82.33
2019-03-26,82.33
2019-03-27,82.33
2019-03-28,82.33
2019-03-29,82.33
2019-03-30,82.33
2019-03-31,82.33
2019-04-01,79.25
2019-04-02,79.25
2019-04-03,79.25
2019-04-04,79.25
2019-04-05,79.25
2019-04-06,79.25
2019-04-07,79.25
2019-04-08,79.25
2019-04-09,79.25
2019-04-10,79.25
2019-04-11,79.25
2019-04-12,79.25
2019-04-13,79.25
2019-04-14,79.25
2019-04-15,79.25
2019-04-16,79.25
2019-04-17,79.25
2019-04-18,79.25
2019-04-19,79.25
2019-04-20,79.25
2019-04-21,79.25
2019-04-22,79.25
2019-04-23,79.25
2019-04-24,79.25
2019-04-25,79.25
2019-04-26,79.25
2019-04-27,79.25
2019-04-28,79.25
2019-04-29,79.25
2019-04-30,79.25
2019-05-01,106.47
2019-05-02,106.47
2019-05-03,106.47
2019-05-04,106.47
2019-05-05,106.47
2019-05-06,106.47
2019-05-07,106.47
2019-05-08,106.47
2019-05-09,106.47
2019-05-10,106.47
2019-05-11,106.47
2019-05-12,106.47
2019-05-13,106.47
2019-05-14,106.47
2019-05-15,106.47
2019-05-16,106.47
2019-05-17,106.47
2019-05-18,106.47
2019-05-19,106.47
2019-05-20,106.47
2019-05-21,106.47
2019-05-22,106.47
2019-05-23,106.47
2019-05-24,106.47
2019-05-25,106.47
2019-05-26,106.47
2019-05-27,106.47
2019-05-28,106.47
2019-05-29,106.47
2019-05-30,106.47
2019-05-31,106.47
2019-06-01,106.59
2019-06-02,106.59
2019-06-03,106.59
2019-06-04,106.59
2019-06-05,106.59
2019-06-06,106.59
2019-06-07,106.59
2019-06-08,106.59
2019-06-09,106.59
2019-06-10,106.59
2019-06-11,106.59
2019-06-12,106.59
2019-06-13,106.59
2019-06-14,106.59
2019-06-15,106.59
2019-06-16,106.59
2019-06-17,106.59
2019-06-18,106.59
2019-06-19,106.59
2019-06-20,106.59
2019-06-21,106.59
2019-06-22,106.59
2019-06-23,106.59
2019-06-24,106.59
2019-06-25,106.59
2019-06-26,106.59
2019-06-27,106.59
2019-06-28,106.59
2019-06-29,106.59
2019-06-30,106.59
2019-07-01,93.52
2019-07-02,93.52
2019-07-03,93.52
2019-07-04,93.52
2019-07-05,93.52
2019-07-06,93.52
2019-07-07,93.52
2019-07-08,93.52
2019-07-09,93.52
2019-07-10,93.52
2019-07-11,93.52
2019-07-12,93.52
2019-07-13,93.52
2019-07-14,93.52
2019-07-15,93.52
2019-07-16,93.52
2019-07-17,93.52
2019-07-18,93.52
2019-07-19,93.52
2019-07-20,93.52
2019-07-21,93.52
2019-07-22,93.52
2019-07-23,93.52
2019-07-24,93.52
2019-07-25,93.52
2019-07-26,93.52
2019-07-27,93.52
2019-07-28,93.52
2019-07-29,93.52
2019-07-30,93.52
2019-07-31,93.52
2019-08-01,103.4
2019-08-02,103.4
2019-08-03,103.4
2019-08-04,103.4
2019-08-05,103.4
2019-08-06,103.4
2019-08-07,103.4
2019-08-08,103.4
2019-08-09,103.4
2019-08-10,103.4
2019-08-11,103.4
2019-08-12,103.4
2019-08-13,103.4
2019-08-14,103.4
2019-08-15,103.4
2019-08-16,103.4
2019-08-17,103.4
2019-08-18,103.4
2019-08-19,103.4
2019-08-20,103.4
2019-08-21,103.4
2019-08-22,103.4
2019-08-23,103.4
2019-08-24,103.4
2019-08-25,103.4
2019-08-26,103.4
2019-08-27,103.4
2019-08-28,103.4
2019-08-29,103.4
2019-08-30,103.4
2019-08-31,103.4
2019-09-01,90.37
2019-09-02,90.37
2019-09-03,90.37
2019-09-04,90.37
2019-09-05,90.37
2019-09-06,90.37
2019-09-07,90.37
2019-09-08,90.37
2019-09-09,90.37
2019-09-10,90.37
2019-09-11,90.37
2019-09-12,90.37
2019-09-13,90.37
2019-09-14,90.37
2019-09-15,90.37
2019-09-16,90.37
2019-09-17,90.37
2019-09-18,90.37
2019-09-19,90.37
2019-09-20,90.37
2019-09-21,90.37
2019-09-22,90.37
2019-09-23,90.37
2019-09-24,90.37
2019-09-25,90.37
2019-09-26,90.37
2019-09-27,90.37
2019-09-28,90.37
2019-09-29,90.37
2019-09-30,90.37
2019-10-01,97.84
2019-10-02,97.84
2019-10-03,97.84
2019-10-04,97.84
2019-10-05,97.84
2019-10-06,97.84
2019-10-07,97.84
2019-10-08,97.84
2019-10-09,97.84
2019-10-10,97.84
2019-10-11,97.84
2019-10-12,97.84
2019-10-13,97.84
2019-10-14,97.84
2019-10-15,97.84
2019-10-16,97.84
2019-10-17,97.84
2019-10-18,97.84
2019-10-19,97.84
2019-10-20,97.84
2019-10-21,97.84
2019-10-22,97.84
2019-10-23,97.84
2019-10-24,97.84
2019-10-25,97.84
2019-10-26,97.84
2019-10-27,97.84
2019-10-28,97.84
2019-10-29,97.84
2019-10-30,97.84
2019-10-31,97.84
2019-11-01,73.08
2019-11-02,73.08
2019-11-03,73.08
2019-11-04,73.08
2019-11-05,73.08
2019-11-06,73.08
2019-11-07,73.08
2019-11-08,73.08
2019-11-09,73.08
2019-11-10,73.08
2019-11-11,73.08
2019-11-12,73.08
2019-11-13,73.08
2019-11-14,73.08
2019-11-15,73.08
2019-11-16,73.08
2019-11-17,73.08
2019-11-18,73.08
2019-11-19,73.08
2019-11-20,73.08
2019-11-21,73.08
2019-11-22,73.08
2019-11-23,73.08
2019-11-24,73.08
2019-11-25,73.08
2019-11-26,73.08
2019-11-27,73.08
2019-11-28,73.08
2019-11-29,73.08
2019-11-30,73.08
2019-12-01,74.28
2019-12-02,74.28
2019-12-03,74.28
2019-12-04,74.28
2019-12-05,74.28
2019-12-06,74.28
2019-12-07,74.28
2019-12-08,74.28
2019-12-09,74.28
2019-12-10,74.28
2019-12-11,74.28
2019-12-12,74.28
2019-12-13,74.28
2019-12-14,74.28
2019-12-15,74.28
2019-12-16,74.28
2019-12-17,74.28
2019-12-18,74.28
2019-12-19,74.28
2019-12-20,74.28
2019-12-21,74.28
2019-12-22,74.28
2019-12-23,74.28
2019-12-24,74.28
2019-12-25,74.28
2019-12-26,74.28
2019-12-27,74.28
2019-12-28,74.28
2019-12-29,74.28
2019-12-30,74.28
2019-12-31,74.28
2020-01-01,138.42
2020-01-02,138.42
2020-01-03,138.42
2020-01-04,138.42
2020-01-05,138.42
2020-01-06,138.42
2020-01-07,138.42
2020-01-08,138.42
2020-01-09,138.42
2020-01-10,138.42
2020-01-11,138.42
2020-01-12,138.42
2020-01-13,138.42
2020-01-14,138.42
2020-01-15,138.42
2020-01-16,138.42
2020-01-17,138.42
2020-01-18,138.42
2020-01-19,138.42
2020-01-20,138.42
2020-01-21,138.42
2020-01-22,138.42
2020-01-23,138.42
2020-01-24,138.42
2020-01-25,138.42
2020-01-26,138.42
2020-01-27,138.42
2020-01-28,138.42
2020-01-29,138.42
2020-01-30,138.42
2020-01-31,138.42
2020-02-01,75.96
2020-02-02,75.96
2020-02-03,75.96
2020-02-04,75.96
2020-02-05,75.96
2020-02-06,75.96
2020-02-07,75.96
2020-02-08,75.96
2020-02-09,75.96
2020-02-10,75.96
2020-02-11,75.96
2020-02-12,75.96
2020-02-13,75.96
2020-02-14,75.96
2020-02-15,75.96
2020-02-16,75.96
2020-02-17,75.96
2020-02-18,75.96
2020-02-19,75.96
2020-02-20,75.96
2020-02-21,75.96
2020-02-22,75.96
2020-02-23,75.96
2020-02-24,75.96
2020-02-25,75.96
2020-02-26,75.96
2020-02-27,75.96
2020-02-28,75.96
2020-02-29,75.96
2020-03-01,81.54
2020-03-02,81.54
2020-03-03,81.54
2020-03-04,81.54
2020-03-05,81.54
2020-03-06,81.54
2020-03-07,81.54
2020-03-08,81.54
2020-03-09,81.54
2020-03-10,81.54
2020-03-11,81.54
2020-03-12,81.54
2020-03-13,81.54
2020-03-14,81.54
2020-03-15,81.54
2020-03-16,81.54
2020-03-17,81.54
2020-03-18,81.54
2020-03-19,81.54
2020-03-20,81.54
2020-03-21,81.54
2020-03-22,81.54
2020-03-23,81.54
2020-03-24,81.54
2020-03-25,81.54
2020-03-26,81.54
2020-03-27,81.54
2020-03-28,81.54
2020-03-29,81.54
2020-03-30,81.54
2020-03-31,81.54
2020-04-01,69.34
2020-04-02,69.34
2020-04-03,69.34
2020-04-04,69.34
2020-04-05,69.34
2020-04-06,69.34
2020-04-07,69.34
2020-04-08,69.34
2020-04-09,69.34
2020-04-10,69.34
2020-04-11,69.34
2020-04-12,69.34
2020-04-13,69.34
2020-04-14,69.34
2020-04-15,69.34
2020-04-16,69.34
2020-04-17,69.34
2020-04-18,69.34
2020-04-19,69.34
2020-04-20,69.34
2020-04-21,69.34
2020-04-22,69.34
2020-04-23,69.34
2020-04-24,69.34
2020-04-25,69.34
2020-04-26,69.34
2020-04-27,69.34
2020-04-28,69.34
2020-04-29,69.34
2020-04-30,69.34
2020-05-01,68.51
2020-05-02,68.51
2020-05-03,68.51
2020-05-04,68.51
2020-05-05,68.51
2020-05-06,68.51
2020-05-07,68.51
2020-05-08,68.51
2020-05-09,68.51
2020-05-10,68.51
2020-05-11,68.51
2020-05-12,68.51
2020-05-13,68.51
2020-05-14,68.51
2020-05-15,68.51
2020-05-16,68.51
2020-05-17,68.51
2020-05-18,68.51
2020-05-19,68.51
2020-05-20,68.51
2020-05-21,68.51
2020-05-22,68.51
2020-05-23,68.51
2020-05-24,68.51
2020-05-25,68.51
2020-05-26,68.51
2020-05-27,68.51
2020-05-28,68.51
2020-05-29,68.51
2020-05-30,68.51
2020-05-31,68.51
2020-06-01,71.23
2020-06-02,71.23
2020-06-03,71.23
2020-06-04,71.23
2020-06-05,71.23
2020-06-06,71.23
2020-06-07,71.23
2020-06-08,71.23
2020-06-09,71.23
2020-06-10,71.23
2020-06-11,71.23
2020-06-12,71.23
2020-06-13,71.23
2020-06-14,71.23
2020-06-15,71.23
2020-06-16,71.23
2020-06-17,71.23
2020-06-18,71.23
2020-06-19,71.23
2020-06-20,71.23
2020-06-21,71.23
2020-06-22,71.23
2020-06-23,71.23
2020-06-24,71.23
2020-06-25,71.23
2020-06-26,71.23
2020-06-27,71.23
2020-06-28,71.23
2020-06-29,71.23
2020-06-30,71.23
2020-07-01,66.47
2020-07-02,66.47
2020-07-03,66.47
2020-07-04,66.47
2020-07-05,66.47
2020-07-06,66.47
2020-07-07,66.47
2020-07-08,66.47
2020-07-09,66.47
2020-07-10,66.47
2020-07-11,66.47
2020-07-12,66.47
2020-07-13,66.47
2020-07-14,66.47
2020-07-15,66.47
2020-07-16,66.47
2020-07-17,66.47
2020-07-18,66.47
2020-07-19,66.47
2020-07-20,66.47
2020-07-21,66.47
2020-07-22,66.47
2020-07-23,66.47
2020-07-24,66.47
2020-07-25,66.47
2020-07-26,66.47
2020-07-27,66.47
2020-07-28,66.47
2020-07-29,66.47
2020-07-30,66.47
2020-07-31,66.47
2020-08-01,65.47
2020-08-02,65.47
2020-08-03,65.47
2020-08-04,65.47
2020-08-05,65.47
2020-08-06,65.47
2020-08-07,65.47
2020-08-08,65.47
2020-08-09,65.47
2020-08-10,65.47
2020-08-11,65.47
2020-08-12,65.47
2020-08-13,65.47
2020-08-14,65.47
2020-08-15,65.47
2020-08-16,65.47
2020-08-17,65.47
2020-08-18,65.47
2020-08-19,65.47
2020-08-20,65.47
2020-08-21,65.47
2020-08-22,65.47
2020-08-23,65.47
2020-08-24,65.47
2020-08-25,65.47
2020-08-26,65.47
2020-08-27,65.47
2020-08-28,65.47
2020-08-29,65.47
2020-08-30,65.47
2020-08-31,65.47
2020-09-01,80.38
2020-09-02,80.38
2020-09-03,80.38
2020-09-04,80.38
2020-09-05,80.38
2020-09-06,80.38
2020-09-07,80.38
2020-09-08,80.38
2020-09-09,80.38
2020-09-10,80.38
2020-09-11,80.38
2020-09-12,80.38
2020-09-13,80.38
2020-09-14,80.38
2020-09-15,80.38
2020-09-16,80.38
2020-09-17,80.38
2020-09-18,80.38
2020-09-19,80.38
2020-09-20,80.38
2020-09-21,80.38
2020-09-22,80.38
2020-09-23,80.38
2020-09-24,80.38
2020-09-25,80.38
2020-09-26,80.38
2020-09-27,80.38
2020-09-28,80.38
2020-09-29,80.38
2020-09-30,80.38
2020-10-01,76.08
2020-10-02,76.08
2020-10-03,76.08
2020-10-04,76.08
2020-10-05,76.08
2020-10-06,76.08
2020-10-07,76.08
2020-10-08,76.08
2020-10-09,76.08
2020-10-10,76.08
2020-10-11,76.08
2020-10-12,76.08
2020-10-13,76.08
2020-10-14,76.08
2020-10-15,76.08
2020-10-16,76.08
2020-10-17,76.08
2020-10-18,76.08
2020-10-19,76.08
2020-10-20,76.08
2020-10-21,76.08
2020-10-22,76.08
2020-10-23,76.08
2020-10-24,76.08
2020-10-25,76.08
2020-10-26,76.08
2020-10-27,76.08
2020-10-28,76.08
2020-10-29,76.08
2020-10-30,76.08
2020-10-31,76.08
2020-11-01,70.07
2020-11-02,70.07
2020-11-03,70.07
2020-11-04,70.07
2020-11-05,70.07
2020-11-06,70.07
2020-11-07,70.07
2020-11-08,70.07
2020-11-09,70.07
2020-11-10,70.07
2020-11-11,70.07
2020-11-12,70.07
2020-11-13,70.07
2020-11-14,70.07
2020-11-15,70.07
2020-11-16,70.07
2020-11-17,70.07
2020-11-18,70.07
2020-11-19,70.07
2020-11-20,70.07
2020-11-21,70.07
2020-11-22,70.07
2020-11-23,70.07
2020-11-24,70.07
2020-11-25,70.07
2020-11-26,70.07
2020-11-27,70.07
2020-11-28,70.07
2020-11-29,70.07
2020-11-30,70.07
2020-12-01,64.07
2020-12-02,64.07
2020-12-03,64.07
2020-12-04,64.07
2020-12-05,64.07
2020-12-06,64.07
2020-12-07,64.07
2020-12-08,64.07
2020-12-09,64.07
2020-12-10,64.07
2020-12-11,64.07
2020-12-12,64.07
2020-12-13,64.07
2020-12-14,64.07
2020-12-15,64.07
2020-12-16,64.07
2020-12-17,64.07
2020-12-18,64.07
2020-12-19,64.07
2020-12-20,64.07
2020-12-21,64.07
2020-12-22,64.07
2020-12-23,64.07
2020-12-24,64.07
2020-12-25,64.07
2020-12-26,64.07
2020-12-27,64.07
2020-12-28,64.07
2020-12-29,64.07
2020-12-30,64.07
2020-12-31,64.07
2021-01-01,77.42
2021-01-02,77.42
2021-01-03,77.42
2021-01-04,77.42
2021-01-05,77.42
2021-01-06,77.42
2021-01-07,77.42
2021-01-08,77.42
2021-01-09,77.42
2021-01-10,77.42
2021-01-11,77.42
2021-01-12,77.42
2021-01-13,77.42
2021-01-14,77.42
2021-01-15,77.42
2021-01-16,77.42
2021-01-17,77.42
2021-01-18,77.42
2021-01-19,77.42
2021-01-20,77.42
2021-01-21,77.42
2021-01-22,77.42
2021-01-23,77.42
2021-01-24,77.42
2021-01-25,77.42
2021-01-26,77.42
2021-01-27,77.42
2021-01-28,77.42
2021-01-29,77.42
2021-01-30,77.42
2021-01-31,77.42
2021-02-01,73.96
2021-02-02,73.96
2021-02-03,73.96
2021-02-04,73.96
2021-02-05,73.96
2021-02-06,73.96
2021-02-07,73.96
2021-02-08,73.96
2021-02-09,73.96
2021-02-10,73.96
2021-02-11,73.96
2021-02-12,73.96
2021-02-13,73.96
2021-02-14,73.96
2021-02-15,73.96
2021-02-16,73.96
2021-02-17,73.96
2021-02-18,73.96
2021-02-19,73.96
2021-02-20,73.96
2021-02-21,73.96
2021-02-22,73.96
2021-02-23,73.96
2021-02-24,73.96
2021-02-25,73.96
2021-02-26,73.96
2021-02-27,73.96
2021-02-28,73.96
2021-03-01,78.62
2021-03-02,78.62
2021-03-03,78.62
2021-03-04,78.62
2021-03-05,78.62
2021-03-06,78.62
2021-03-07,78.62
2021-03-08,78.62
2021-03-09,78.62
2021-03-10,78.62
2021-03-11,78.62
2021-03-12,78.62
2021-03-13,78.62
2021-03-14,78.62
2021-03-15,78.62
2021-03-16,78.62
2021-03-17,78.62
2021-03-18,78.62
2021-03-19,78.62
2021-03-20,78.62
2021-03-21,78.62
2021-03-22,78.62
2021-03-23,78.62
2021-03-24,78.62
2021-03-25,78.62
2021-03-26,78.62
2021-03-27,78.62
2021-03-28,78.62
2021-03-29,78.62
2021-03-30,78.62
2021-03-31,78.62
2021-04-01,88.17
2021-04-02,88.17
2021-04-03,88.17
2021-04-04,88.17
2021-04-05,88.17
2021-04-06,88.17
2021-04-07,88.17
2021-04-08,88.17
2021-04-09,88.17
2021-04-10,88.17
2021-04-11,88.17
2021-04-12,88.17
2021-04-13,88.17
2021-04-14,88.17
2021-04-15,88.17
2021-04-16,88.17
2021-04-17,88.17
2021-04-18,88.17
2021-04-19,88.17
2021-04-20,88.17
2021-04-21,88.17
2021-04-22,88.17
2021-04-23,88.17
2021-04-24,88.17
2021-04-25,88.17
2021-04-26,88.17
2021-04-27,88.17
2021-04-28,88.17
2021-04-29,88.17
2021-04-30,88.17
2021-05-01,93.01
2021-05-02,93.01
2021-05-03,93.01
2021-05-04,93.01
2021-05-05,93.01
2021-05-06,93.01
2021-05-07,93.01
2021-05-08,93.01
2021-05-09,93.01
2021-05-10,93.01
2021-05-11,93.01
2021-05-12,93.01
2021-05-13,93.01
2021-05-14,93.01
2021-05-15,93.01
2021-05-16,93.01
2021-05-17,93.01
2021-05-18,93.01
2021-05-19,93.01
2021-05-20,93.01
2021-05-21,93.01
2021-05-22,93.01
2021-05-23,93.01
2021-05-24,93.01
2021-05-25,93.01
2021-05-26,93.01
2021-05-27,93.01
2021-05-28,93.01
2021-05-29,93.01
2021-05-30,93.01
2021-05-31,93.01
2021-06-01,74.13
2021-06-02,74.13
2021-06-03,74.13
2021-06-04,74.13
2021-06-05,74.13
2021-06-06,74.13
2021-06-07,74.13
2021-06-08,74.13
2021-06-09,74.13
2021-06-10,74.13
2021-06-11,74.13
2021-06-12,74.13
2021-06-13,74.13
2021-06-14,74.13
2021-06-15,74.13
2021-06-16,74.13
2021-06-17,74.13
2021-06-18,74.13
2021-06-19,74.13
2021-06-20,74.13
2021-06-21,74.13
2021-06-22,74.13
2021-06-23,74.13
2021-06-24,74.13
2021-06-25,74.13
2021-06-26,74.13
2021-06-27,74.13
2021-06-28,74.13
2021-06-29,74.13
2021-06-30,74.13
2021-07-01,58.42
2021-07-02,58.42
2021-07-03,58.42
2021-07-04,58.42
2021-07-05,58.42
2021-07-06,58.42
2021-07-07,58.42
2021-07-08,58.42
2021-07-09,58.42
2021-07-10,58.42
2021-07-11,58.42
2021-07-12,58.42
2021-07-13,58.42
2021-07-14,58.42
2021-07-15,58.42
2021-07-16,58.42
2021-07-17,58.42
2021-07-18,58.42
2021-07-19,58.42
2021-07-20,58.42
2021-07-21,58.42
2021-07-22,58.42
2021-07-23,58.42
2021-07-24,58.42
2021-07-25,58.42
2021-07-26,58.42
2021-07-27,58.42
2021-07-28,58.42
2021-07-29,58.42
2021-07-30,58.42
2021-07-31,58.42
2021-08-01,89.49
2021-08-02,89.49
2021-08-03,89.49
2021-08-04,89.49
2021-08-05,89.49
2021-08-06,89.49
2021-08-07,89.49
2021-08-08,89.49
2021-08-09,89.49
2021-08-10,89.49
2021-08-11,89.49
2021-08-12,89.49
2021-08-13,89.49
2021-08-14,89.49
2021-08-15,89.49
2021-08-16,89.49
2021-08-17,89.49
2021-08-18,89.49
2021-08-19,89.49
2021-08-20,89.49
2021-08-21,89.49
2021-08-22,89.49
2021-08-23,89.49
2021-08-24,89.49
2021-08-25,89.49
2021-08-26,89.49
2021-08-27,89.49
2021-08-28,89.49
2021-08-29,89.49
2021-08-30,89.49
2021-08-31,89.49
2021-09-01,80.7
2021-09-02,80.7
2021-09-03,80.7
2021-09-04,80.7
2021-09-05,80.7
2021-09-06,80.7
2021-09-07,80.7
2021-09-08,80.7
2021-09-09,80.7
2021-09-10,80.7
2021-09-11,80.7
2021-09-12,80.7
2021-09-13,80.7
2021-09-14,80.7
2021-09-15,80.7
2021-09-16,80.7
2021-09-17,80.7
2021-09-18,80.7
2021-09-19,80.7
2021-09-20,80.7
2021-09-21,80.7
2021-09-22,80.7
2021-09-23,80.7
2021-09-24,80.7
2021-09-25,80.7
2021-09-26,80.7
2021-09-27,80.7
2021-09-28,80.7
2021-09-29,80.7
2021-09-30,80.7
2021-10-01,79.03
2021-10-02,79.03
2021-10-03,79.03
2021-10-04,79.03
2021-10-05,79.03
2021-10-06,79.03
2021-10-07,79.03
2021-10-08,79.03
2021-10-09,79.03
2021-10-10,79.03
2021-10-11,79.03
2021-10-12,79.03
2021-10-13,79.03
2021-10-14,79.03
2021-10-15,79.03
2021-10-16,79.03
2021-10-17,79.03
2021-10-18,79.03
2021-10-19,79.03
2021-10-20,79.03
2021-10-21,79.03
2021-10-22,79.03
2021-10-23,79.03
2021-10-24,79.03
2021-10-25,79.03
2021-10-26,79.03
2021-10-27,79.03
2021-10-28,79.03
2021-10-29,79.03
2021-10-30,79.03
2021-10-31,79.03
2021-11-01,86.57
2021-11-02,86.57
2021-11-03,86.57
2021-11-04,86.57
2021-11-05,86.57
2021-11-06,86.57
2021-11-07,86.57
2021-11-08,86.57
2021-11-09,86.57
2021-11-10,86.57
2021-11-11,86.57
2021-11-12,86.57
2021-11-13,86.57
2021-11-14,86.57
2021-11-15,86.57
2021-11-16,86.57
2021-11-17,86.57
2021-11-18,86.57
2021-11-19,86.57
2021-11-20,86.57
2021-11-21,86.57
2021-11-22,86.57
2021-11-23,86.57
2021-11-24,86.57
2021-11-25,86.57
2021-11-26,86.57
2021-11-27,86.57
2021-11-28,86.57
2021-11-29,86.57
2021-11-30,86.57
2021-12-01,105.35
2021-12-02,105.35
2021-12-03,105.35
2021-12-04,105.35
2021-12-05,105.35
2021-12-06,105.35
2021-12-07,105.35
2021-12-08,105.35
2021-12-09,105.35
2021-12-10,105.35
2021-12-11,105.35
2021-12-12,105.35
2021-12-13,105.35
2021-12-14,105.35
2021-12-15,105.35
2021-12-16,105.35
2021-12-17,105.35
2021-12-18,105.35
2021-12-19,105.35
2021-12-20,105.35
2021-12-21,105.35
2021-12-22,105.35
2021-12-23,105.35
2021-12-24,105.35
2021-12-25,105.35
2021-12-26,105.35
2021-12-27,105.35
2021-12-28,105.35
2021-12-29,105.35
2021-12-30,105.35
2021-12-31,105.35
2022-01-01,138.67
2022-01-02,138.67
2022-01-03,138.67
2022-01-04,138.67
2022-01-05,138.67
2022-01-06,138.67
2022-01-07,138.67
2022-01-08,138.67
2022-01-09,138.67
2022-01-10,138.67
2022-01-11,138.67
2022-01-12,138.67
2022-01-13,138.67
2022-01-14,138.67
2022-01-15,138.67
2022-01-16,138.67
2022-01-17,138.67
2022-01-18,138.67
2022-01-19,138.67
2022-01-20,138.67
2022-01-21,138.67
2022-01-22,138.67
2022-01-23,138.67
2022-01-24,138.67
2022-01-25,138.67
2022-01-26,138.67
2022-01-27,138.67
2022-01-28,138.67
2022-01-29,138.67
2022-01-30,138.67
2022-01-31,138.67
2022-02-01,216.16
2022-02-02,216.16
2022-02-03,216.16
2022-02-04,216.16
2022-02-05,216.16
2022-02-06,216.16
2022-02-07,216.16
2022-02-08,216.16
2022-02-09,216.16
2022-02-10,216.16
2022-02-11,216.16
2022-02-12,216.16
2022-02-13,216.16
2022-02-14,216.16
2022-02-15,216.16
2022-02-16,216.16
2022-02-17,216.16
2022-02-18,216.16
2022-02-19,216.16
2022-02-20,216.16
2022-02-21,216.16
2022-02-22,216.16
2022-02-23,216.16
2022-02-24,216.16
2022-02-25,216.16
2022-02-26,216.16
2022-02-27,216.16
2022-02-28,216.16
2022-03-01,318.95
2022-03-02,318.95
2022-03-03,318.95
2022-03-04,318.95
2022-03-05,318.95
2022-03-06,318.95
2022-03-07,318.95
2022-03-08,318.95
2022-03-09,318.95
2022-03-10,318.95
2022-03-11,318.95
2022-03-12,318.95
2022-03-13,318.95
2022-03-14,318.95
2022-03-15,318.95
2022-03-16,318.95
2022-03-17,318.95
2022-03-18,318.95
2022-03-19,318.95
2022-03-20,318.95
2022-03-21,318.95
2022-03-22,318.95
2022-03-23,318.95
2022-03-24,318.95
2022-03-25,318.95
2022-03-26,318.95
2022-03-27,318.95
2022-03-28,318.95
2022-03-29,318.95
2022-03-30,318.95
2022-03-31,318.95
2022-04-01,191.14
2022-04-02,191.14
2022-04-03,191.14
2022-04-04,191.14
2022-04-05,191.14
2022-04-06,191.14
2022-04-07,191.14
2022-04-08,191.14
2022-04-09,191.14
2022-04-10,191.14
2022-04-11,191.14
2022-04-12,191.14
2022-04-13,191.14
2022-04-14,191.14
2022-04-15,191.14
2022-04-16,191.14
2022-04-17,191.14
2022-04-18,191.14
2022-04-19,191.14
2022-04-20,191.14
2022-04-21,191.14
2022-04-22,191.14
2022-04-23,191.14
2022-04-24,191.14
2022-04-25,191.14
2022-04-26,191.14
2022-04-27,191.14
2022-04-28,191.14
2022-04-29,191.14
2022-04-30,191.14
2022-05-01,142.26
2022-05-02,142.26
2022-05-03,142.26
2022-05-04,142.26
2022-05-05,142.26
2022-05-06,142.26
2022-05-07,142.26
2022-05-08,142.26
2022-05-09,142.26
2022-05-10,142.26
2022-05-11,142.26
2022-05-12,142.26
2022-05-13,142.26
2022-05-14,142.26
2022-05-15,142.26
2022-05-16,142.26
2022-05-17,142.26
2022-05-18,142.26
2022-05-19,142.26
2022-05-20,142.26
2022-05-21,142.26
2022-05-22,142.26
2022-05-23,142.26
2022-05-24,142.26
2022-05-25,142.26
2022-05-26,142.26
2022-05-27,142.26
2022-05-28,142.26
2022-05-29,142.26
2022-05-30,142.26
2022-05-31,142.26
2022-06-01,130.71
2022-06-02,130.71
2022-06-03,130.71
2022-06-04,130.71
2022-06-05,130.71
2022-06-06,130.71
2022-06-07,130.71
2022-06-08,130.71
2022-06-09,130.71
2022-06-10,130.71
2022-06-11,130.71
2022-06-12,130.71
2022-06-13,130.71
2022-06-14,130.71
2022-06-15,130.71
2022-06-16,130.71
2022-06-17,130.71
2022-06-18,130.71
2022-06-19,130.71
2022-06-20,130.71
2022-06-21,130.71
2022-06-22,130.71
2022-06-23,130.71
2022-06-24,130.71
2022-06-25,130.71
2022-06-26,130.71
2022-06-27,130.71
2022-06-28,130.71
2022-06-29,130.71
2022-06-30,130.71
2022-07-01,117.18
2022-07-02,117.18
2022-07-03,117.18
2022-07-04,117.18
2022-07-05,117.18
2022-07-06,117.18
2022-07-07,117.18
2022-07-08,117.18
2022-07-09,117.18
2022-07-10,117.18
2022-07-11,117.18
2022-07-12,117.18
2022-07-13,117.18
2022-07-14,117.18
2022-07-15,117.18
2022-07-16,117.18
2022-07-17,117.18
2022-07-18,117.18
2022-07-19,117.18
2022-07-20,117.18
2022-07-21,117.18
2022-07-22,117.18
2022-07-23,117.18
2022-07-24,117.18
2022-07-25,117.18
2022-07-26,117.18
2022-07-27,117.18
2022-07-28,117.18
2022-07-29,117.18
2022-07-30,117.18
2022-07-31,117.18
2022-08-01,132.86
2022-08-02,132.86
2022-08-03,132.86
2022-08-04,132.86
2022-08-05,132.86
2022-08-06,132.86
2022-08-07,132.86
2022-08-08,132.86
2022-08-09,132.86
2022-08-10,132.86
2022-08-11,132.86
2022-08-12,132.86
2022-08-13,132.86
2022-08-14,132.86
2022-08-15,132.86
2022-08-16,132.86
2022-08-17,132.86
2022-08-18,132.86
2022-08-19,132.86
2022-08-20,132.86
2022-08-21,132.86
2022-08-22,132.86
2022-08-23,132.86
2022-08-24,132.86
2022-08-25,132.86
2022-08-26,132.86
2022-08-27,132.86
2022-08-28,132.86
2022-08-29,132.86
2022-08-30,132.86
2022-08-31,132.86
2022-09-01,131.99
2022-09-02,131.99
2022-09-03,131.99
2022-09-04,131.99
2022-09-05,131.99
2022-09-06,131.99
2022-09-07,131.99
2022-09-08,131.99
2022-09-09,131.99
2022-09-10,131.99
2022-09-11,131.99
2022-09-12,131.99
2022-09-13,131.99
2022-09-14,131.99
2022-09-15,131.99
2022-09-16,131.99
2022-09-17,131.99
2022-09-18,131.99
2022-09-19,131.99
2022-09-20,131.99
2022-09-21,131.99
2022-09-22,131.99
2022-09-23,131.99
2022-09-24,131.99
2022-09-25,131.99
2022-09-26,131.99
2022-09-27,131.99
2022-09-28,131.99
2022-09-29,131.99
2022-09-30,131.99
2022-10-01,143.16
2022-10-02,143.16
2022-10-03,143.16
2022-10-04,143.16
2022-10-05,143.16
2022-10-06,143.16
2022-10-07,143.16
2022-10-08,143.16
2022-10-09,143.16
2022-10-10,143.16
2022-10-11,143.16
2022-10-12,143.16
2022-10-13,143.16
2022-10-14,143.16
2022-10-15,143.16
2022-10-16,143.16
2022-10-17,143.16
2022-10-18,143.16
2022-10-19,143.16
2022-10-20,143.16
2022-10-21,143.16
2022-10-22,143.16
2022-10-23,143.16
2022-10-24,143.16
2022-10-25,143.16
2022-10-26,143.16
2022-10-27,143.16
2022-10-28,143.16
2022-10-29,143.16
2022-10-30,143.16
2022-10-31,143.16
2022-11-01,116.72
2022-11-02,116.72
2022-11-03,116.72
2022-11-04,116.72
2022-11-05,116.72
2022-11-06,116.72
2022-11-07,116.72
2022-11-08,116.72
2022-11-09,116.72
2022-11-10,116.72
2022-11-11,116.72
2022-11-12,116.72
2022-11-13,116.72
2022-11-14,116.72
2022-11-15,116.72
2022-11-16,116.72
2022-11-17,116.72
2022-11-18,116.72
2022-11-19,116.72
2022-11-20,116.72
2022-11-21,116.72
2022-11-22,116.72
2022-11-23,116.72
2022-11-24,116.72
2022-11-25,116.72
2022-11-26,116.72
2022-11-27,116.72
2022-11-28,116.72
2022-11-29,116.72
2022-11-30,116.72
2022-12-01,111.2
2022-12-02,111.2
2022-12-03,111.2
2022-12-04,111.2
2022-12-05,111.2
2022-12-06,111.2
2022-12-07,111.2
2022-12-08,111.2
2022-12-09,111.2
2022-12-10,111.2
2022-12-11,111.2
2022-12-12,111.2
2022-12-13,111.2
2022-12-14,111.2
2022-12-15,111.2
2022-12-16,111.2
2022-12-17,111.2
2022-12-18,111.2
2022-12-19,111.2
2022-12-20,111.2
2022-12-21,111.2
2022-12-22,111.2
2022-12-23,111.2
2022-12-24,111.2
2022-12-25,111.2
2022-12-26,111.2
2022-12-27,111.2
2022-12-28,111.2
2022-12-29,111.2
2022-12-30,111.2
2022-12-31,111.2
2023-01-01,104.27
2023-01-02,104.27
2023-01-03,104.27
2023-01-04,104.27
2023-01-05,104.27
2023-01-06,104.27
2023-01-07,104.27
2023-01-08,104.27
2023-01-09,104.27
2023-01-10,104.27
2023-01-11,104.27
2023-01-12,104.27
2023-01-13,104.27
2023-01-14,104.27
2023-01-15,104.27
2023-01-16,104.27
2023-01-17,104.27
2023-01-18,104.27
2023-01-19,104.27
2023-01-20,104.27
2023-01-21,104.27
2023-01-22,104.27
2023-01-23,104.27
2023-01-24,104.27
2023-01-25,104.27
2023-01-26,104.27
2023-01-27,104.27
2023-01-28,104.27
2023-01-29,104.27
2023-01-30,104.27
2023-01-31,104.27
2023-02-01,120.99
2023-02-02,120.99
2023-02-03,120.99
2023-02-04,120.99
2023-02-05,120.99
2023-02-06,120.99
2023-02-07,120.99
2023-02-08,120.99
2023-02-09,120.99
2023-02-10,120.99
2023-02-11,120.99
2023-02-12,120.99
2023-02-13,120.99
2023-02-14,120.99
2023-02-15,120.99
2023-02-16,120.99
2023-02-17,120.99
2023-02-18,120.99
2023-02-19,120.99
2023-02-20,120.99
2023-02-21,120.99
2023-02-22,120.99
2023-02-23,120.99
2023-02-24,120.99
2023-02-25,120.99
2023-02-26,120.99
2023-02-27,120.99
2023-02-28,120.99
2023-03-01,105.38
2023-03-02,105.38
2023-03-03,105.38
2023-03-04,105.38
2023-03-05,105.38
2023-03-06,105.38
2023-03-07,105.38
2023-03-08,105.38
2023-03-09,105.38
2023-03-10,105.38
2023-03-11,105.38
2023-03-12,105.38
2023-03-13,105.38
2023-03-14,105.38
2023-03-15,105.38
2023-03-16,105.38
2023-03-17,105.38
2023-03-18,105.38
2023-03-19,105.38
2023-03-20,105.38
2023-03-21,105.38
2023-03-22,105.38
2023-03-23,105.38
2023-03-24,105.38
2023-03-25,105.38
2023-03-26,105.38
2023-03-27,105.38
2023-03-28,105.38
2023-03-29,105.38
2023-03-30,105.38
2023-03-31,105.38
2023-04-01,106.81
2023-04-02,106.81
2023-04-03,106.81
2023-04-04,106.81
2023-04-05,106.81
2023-04-06,106.81
2023-04-07,106.81
2023-04-08,106.81
2023-04-09,106.81
2023-04-10,106.81
2023-04-11,106.81
2023-04-12,106.81
2023-04-13,106.81
2023-04-14,106.81
2023-04-15,106.81
2023-04-16,106.81
2023-04-17,106.81
2023-04-18,106.81
2023-04-19,106.81
2023-04-20,106.81
2023-04-21,106.81
2023-04-22,106.81
2023-04-23,106.81
2023-04-24,106.81
2023-04-25,106.81
2023-04-26,106.81
2023-04-27,106.81
2023-04-28,106.81
2023-04-29,106.81
2023-04-30,106.81
2023-05-01,108.47
2023-05-02,108.47
2023-05-03,108.47
2023-05-04,108.47
2023-05-05,108.47
2023-05-06,108.47
2023-05-07,108.47
2023-05-08,108.47
2023-05-09,108.47
2023-05-10,108.47
2023-05-11,108.47
2023-05-12,108.47
2023-05-13,108.47
2023-05-14,108.47
2023-05-15,108.47
2023-05-16,108.47
2023-05-17,108.47
2023-05-18,108.47
2023-05-19,108.47
2023-05-20,108.47
2023-05-21,108.47
2023-05-22,108.47
2023-05-23,108.47
2023-05-24,108.47
2023-05-25,108.47
2023-05-26,108.47
2023-05-27,108.47
2023-05-28,108.47
2023-05-29,108.47
2023-05-30,108.47
2023-05-31,108.47
2023-06-01,110.53
2023-06-02,110.53
2023-06-03,110.53
2023-06-04,110.53
2023-06-05,110.53
2023-06-06,110.53
2023-06-07,110.53
2023-06-08,110.53
2023-06-09,110.53
2023-06-10,110.53
2023-06-11,110.53
2023-06-12,110.53
2023-06-13,110.53
2023-06-14,110.53
2023-06-15,110.53
2023-06-16,110.53
2023-06-17,110.53
2023-06-18,110.53
2023-06-19,110.53
2023-06-20,110.53
2023-06-21,110.53
2023-06-22,110.53
2023-06-23,110.53
2023-06-24,110.53
2023-06-25,110.53
2023-06-26,110.53
2023-06-27,110.53
2023-06-28,110.53
2023-06-29,110.53
2023-06-30,110.53
2023-07-01,107.45
2023-07-02,107.45
2023-07-03,107.45
2023-07-04,107.45
2023-07-05,107.45
2023-07-06,107.45
2023-07-07,107.45
2023-07-08,107.45
2023-07-09,107.45
2023-07-10,107.45
2023-07-11,107.45
2023-07-12,107.45
2023-07-13,107.45
2023-07-14,107.45
2023-07-15,107.45
2023-07-16,107.45
2023-07-17,107.45
2023-07-18,107.45
2023-07-19,107.45
2023-07-20,107.45
2023-07-21,107.45
2023-07-22,107.45
2023-07-23,107.45
2023-07-24,107.45
2023-07-25,107.45
2023-07-26,107.45
2023-07-27,107.45
2023-07-28,107.45
2023-07-29,107.45
2023-07-30,107.45
2023-07-31,107.45
2023-08-01,101.14
2023-08-02,101.14
2023-08-03,101.14
2023-08-04,101.14
2023-08-05,101.14
2023-08-06,101.14
2023-08-07,101.14
2023-08-08,101.14
2023-08-09,101.14
2023-08-10,101.14
2023-08-11,101.14
2023-08-12,101.14
2023-08-13,101.14
2023-08-14,101.14
2023-08-15,101.14
2023-08-16,101.14
2023-08-17,101.14
2023-08-18,101.14
2023-08-19,101.14
2023-08-20,101.14
2023-08-21,101.14
2023-08-22,101.14
2023-08-23,101.14
2023-08-24,101.14
2023-08-25,101.14
2023-08-26,101.14
2023-08-27,101.14
2023-08-28,101.14
2023-08-29,101.14
2023-08-30,101.14
2023-08-31,101.14
2023-09-01,98.63
2023-09-02,98.63
2023-09-03,98.63
2023-09-04,98.63
2023-09-05,98.63
2023-09-06,98.63
2023-09-07,98.63
2023-09-08,98.63
2023-09-09,98.63
2023-09-10,98.63
2023-09-11,98.63
2023-09-12,98.63
2023-09-13,98.63
2023-09-14,98.63
2023-09-15,98.63
2023-09-16,98.63
2023-09-17,98.63
2023-09-18,98.63
2023-09-19,98.63
2023-09-20,98.63
2023-09-21,98.63
2023-09-22,98.63
2023-09-23,98.63
2023-09-24,98.63
2023-09-25,98.63
2023-09-26,98.63
2023-09-27,98.63
2023-09-28,98.63
2023-09-29,98.63
2023-09-30,98.63
2023-10-01,197.89
2023-10-02,197.89
2023-10-03,197.89
2023-10-04,197.89
2023-10-05,197.89
2023-10-06,197.89
2023-10-07,197.89
2023-10-08,197.89
2023-10-09,197.89
2023-10-10,197.89
2023-10-11,197.89
2023-10-12,197.89
2023-10-13,197.89
2023-10-14,197.89
2023-10-15,197.89
2023-10-16,197.89
2023-10-17,197.89
2023-10-18,197.89
2023-10-19,197.89
2023-10-20,197.89
2023-10-21,197.89
2023-10-22,197.89
2023-10-23,197.89
2023-10-24,197.89
2023-10-25,197.89
2023-10-26,197.89
2023-10-27,197.89
2023-10-28,197.89
2023-10-29,197.89
2023-10-30,197.89
2023-10-31,197.89
2023-11-01,156.7
2023-11-02,156.7
2023-11-03,156.7
2023-11-04,156.7
2023-11-05,156.7
2023-11-06,156.7
2023-11-07,156.7
2023-11-08,156.7
2023-11-09,156.7
2023-11-10,156.7
2023-11-11,156.7
2023-11-12,156.7
2023-11-13,156.7
2023-11-14,156.7
2023-11-15,156.7
2023-11-16,156.7
2023-11-17,156.7
2023-11-18,156.7
2023-11-19,156.7
2023-11-20,156.7
2023-11-21,156.7
2023-11-22,156.7
2023-11-23,156.7
2023-11-24,156.7
2023-11-25,156.7
2023-11-26,156.7
2023-11-27,156.7
2023-11-28,156.7
2023-11-29,156.7
2023-11-30,156.7
2023-12-01,142.28
2023-12-02,142.28
2023-12-03,142.28
2023-12-04,142.28
2023-12-05,142.28
2023-12-06,142.28
2023-12-07,142.28
2023-12-08,142.28
2023-12-09,142.28
2023-12-10,142.28
2023-12-11,142.28
2023-12-12,142.28
2023-12-13,142.28
2023-12-14,142.28
2023-12-15,142.28
2023-12-16,142.28
2023-12-17,142.28
2023-12-18,142.28
2023-12-19,142.28
2023-12-20,142.28
2023-12-21,142.28
2023-12-22,142.28
2023-12-23,142.28
2023-12-24,142.28
2023-12-25,142.28
2023-12-26,142.28
2023-12-27,142.28
2023-12-28,142.28
2023-12-29,142.28
2023-12-30,142.28
2023-12-31,142.28
2024-01-01,160.37
2024-01-02,160.37
2024-01-03,160.37
2024-01-04,160.37
2024-01-05,160.37
2024-01-06,160.37
2024-01-07,160.37
2024-01-08,160.37
2024-01-09,160.37
2024-01-10,160.37
2024-01-11,160.37
2024-01-12,160.37
2024-01-13,160.37
2024-01-14,160.37
2024-01-15,160.37
2024-01-16,160.37
2024-01-17,160.37
2024-01-18,160.37
2024-01-19,160.37
2024-01-20,160.37
2024-01-21,160.37
2024-01-22,160.37
2024-01-23,160.37
2024-01-24,160.37
2024-01-25,160.37
2024-01-26,160.37
2024-01-27,160.37
2024-01-28,160.37
2024-01-29,160.37
2024-01-30,160.37
2024-01-31,160.37
2024-02-01,146.6
2024-02-02,146.6
2024-02-03,146.6
2024-02-04,146.6
2024-02-05,146.6
2024-02-06,146.6
2024-02-07,146.6
2024-02-08,146.6
2024-02-09,146.6
2024-02-10,146.6
2024-02-11,146.6
2024-02-12,146.6
2024-02-13,146.6
2024-02-14,146.6
2024-02-15,146.6
2024-02-16,146.6
2024-02-17,146.6
2024-02-18,146.6
2024-02-19,146.6
2024-02-20,146.6
2024-02-21,146.6
2024-02-22,146.6
2024-02-23,146.6
2024-02-24,146.6
2024-02-25,146.6
2024-02-26,146.6
2024-02-27,146.6
2024-02-28,146.6
2024-02-29,146.6
2024-03-01,133.21
2024-03-02,133.21
2024-03-03,133.21
2024-03-04,133.21
2024-03-05,133.21
2024-03-06,133.21
2024-03-07,133.21
2024-03-08,133.21
2024-03-09,133.21
2024-03-10,133.21
2024-03-11,133.21
2024-03-12,133.21
2024-03-13,133.21
2024-03-14,133.21
2024-03-15,133.21
2024-03-16,133.21
2024-03-17,133.21
2024-03-18,133.21
2024-03-19,133.21
2024-03-20,133.21
2024-03-21,133.21
2024-03-22,133.21
2024-03-23,133.21
2024-03-24,133.21
2024-03-25,133.21
2024-03-26,133.21
2024-03-27,133.21
2024-03-28,133.21
2024-03-29,133.21
2024-03-30,133.21
2024-03-31,133.21
2024-04-01,163.95
2024-04-02,163.95
2024-04-03,163.95
2024-04-04,163.95
2024-04-05,163.95
2024-04-06,163.95
2024-04-07,163.95
2024-04-08,163.95
2024-04-09,163.95
2024-04-10,163.95
2024-04-11,163.95
2024-04-12,163.95
2024-04-13,163.95
2024-04-14,163.95
2024-04-15,163.95
2024-04-16,163.95
2024-04-17,163.95
2024-04-18,163.95
2024-04-19,163.95
2024-04-20,163.95
2024-04-21,163.95
2024-04-22,163.95
2024-04-23,163.95
2024-04-24,163.95
2024-04-25,163.95
2024-04-26,163.95
2024-04-27,163.95
2024-04-28,163.95
2024-04-29,163.95
2024-04-30,163.95
2024-05-01,130.52
2024-05-02,130.52
2024-05-03,130.52
2024-05-04,130.52
2024-05-05,130.52
2024-05-06,130.52
2024-05-07,130.52
2024-05-08,130.52
2024-05-09,130.52
2024-05-10,130.52
2024-05-11,130.52
2024-05-12,130.52
2024-05-13,130.52
2024-05-14,130.52
2024-05-15,130.52
2024-05-16,130.52
2024-05-17,130.52
2024-05-18,130.52
2024-05-19,130.52
2024-05-20,130.52
2024-05-21,130.52
2024-05-22,130.52
2024-05-23,130.52
2024-05-24,130.52
2024-05-25,130.52
2024-05-26,130.52
2024-05-27,130.52
2024-05-28,130.52
2024-05-29,130.52
2024-05-30,130.52
2024-05-31,130.52
2024-06-01,113.09
2024-06-02,113.09
2024-06-03,113.09
2024-06-04,113.09
2024-06-05,113.09
2024-06-06,113.09
2024-06-07,113.09
2024-06-08,113.09
2024-06-09,113.09
2024-06-10,113.09
2024-06-11,113.09
2024-06-12,113.09
2024-06-13,113.09
2024-06-14,113.09
2024-06-15,113.09
2024-06-16,113.09
2024-06-17,113.09
2024-06-18,113.09
2024-06-19,113.09
2024-06-20,113.09
2024-06-21,113.09
2024-06-22,113.09
2024-06-23,113.09
2024-06-24,113.09
2024-06-25,113.09
2024-06-26,113.09
2024-06-27,113.09
2024-06-28,113.09
2024-06-29,113.09
2024-06-30,113.09
2024-07-01,92.39
2024-07-02,92.39
2024-07-03,92.39
2024-07-04,92.39
2024-07-05,92.39
2024-07-06,92.39
2024-07-07,92.39
2024-07-08,92.39
2024-07-09,92.39
2024-07-10,92.39
2024-07-11,92.39
2024-07-12,92.39
2024-07-13,92.39
2024-07-14,92.39
2024-07-15,92.39
2024-07-16,92.39
2024-07-17,92.39
2024-07-18,92.39
2024-07-19,92.39
2024-07-20,92.39
2024-07-21,92.39
2024-07-22,92.39
2024-07-23,92.39
2024-07-24,92.39
2024-07-25,92.39
2024-07-26,92.39
2024-07-27,92.39
2024-07-28,92.39
2024-07-29,92.39
2024-07-30,92.39
2024-07-31,92.39
2024-08-01,140.98
2024-08-02,140.98
2024-08-03,140.98
2024-08-04,140.98
2024-08-05,140.98
2024-08-06,140.98
2024-08-07,140.98
2024-08-08,140.98
2024-08-09,140.98
2024-08-10,140.98
2024-08-11,140.98
2024-08-12,140.98
2024-08-13,140.98
2024-08-14,140.98
2024-08-15,140.98
2024-08-16,140.98
2024-08-17,140.98
2024-08-18,140.98
2024-08-19,140.98
2024-08-20,140.98
2024-08-21,140.98
2024-08-22,140.98
2024-08-23,140.98
2024-08-24,140.98
2024-08-25,140.98
2024-08-26,140.98
2024-08-27,140.98
2024-08-28,140.98
2024-08-29,140.98
2024-08-30,140.98
2024-08-31,140.98
2024-09-01,130.36
2024-09-02,130.36
2024-09-03,130.36
2024-09-04,130.36
2024-09-05,130.36
2024-09-06,130.36
2024-09-07,130.36
2024-09-08,130.36
2024-09-09,130.36
2024-09-10,130.36
2024-09-11,130.36
2024-09-12,130.36
2024-09-13,130.36
2024-09-14,130.36
2024-09-15,130.36
2024-09-16,130.36
2024-09-17,130.36
2024-09-18,130.36
2024-09-19,130.36
2024-09-20,130.36
2024-09-21,130.36
2024-09-22,130.36
2024-09-23,130.36
2024-09-24,130.36
2024-09-25,130.36
2024-09-26,130.36
2024-09-27,130.36
2024-09-28,130.36
2024-09-29,130.36
2024-09-30,130.36
2024-10-01,130.69
2024-10-02,130.69
2024-10-03,130.69
2024-10-04,130.69
2024-10-05,130.69
2024-10-06,130.69
2024-10-07,130.69
2024-10-08,130.69
2024-10-09,130.69
2024-10-10,130.69
2024-10-11,130.69
2024-10-12,130.69
2024-10-13,130.69
2024-10-14,130.69
2024-10-15,130.69
2024-10-16,130.69
2024-10-17,130.69
2024-10-18,130.69
2024-10-19,130.69
2024-10-20,130.69
2024-10-21,130.69
2024-10-22,130.69
2024-10-23,130.69
2024-10-24,130.69
2024-10-25,130.69
2024-10-26,130.69
2024-10-27,130.69
2024-10-28,130.69
2024-10-29,130.69
2024-10-30,130.69
2024-10-31,130.69
2024-11-01,128.9
2024-11-02,128.9
2024-11-03,128.9
2024-11-04,128.9
2024-11-05,128.9
2024-11-06,128.9
2024-11-07,128.9
2024-11-08,128.9
2024-11-09,128.9
2024-11-10,128.9
2024-11-11,128.9
2024-11-12,128.9
2024-11-13,128.9
2024-11-14,128.9
2024-11-15,128.9
2024-11-16,128.9
2024-11-17,128.9
2024-11-18,128.9
2024-11-19,128.9
2024-11-20,128.9
2024-11-21,128.9
2024-11-22,128.9
2024-11-23,128.9
2024-11-24,128.9
2024-11-25,128.9
2024-11-26,128.9
2024-11-27,128.9
2024-11-28,128.9
2024-11-29,128.9
2024-11-30,128.9
2024-12-01,142.37
2024-12-02,142.37
2024-12-03,142.37
2024-12-04,142.37
2024-12-05,142.37
2024-12-06,142.37
2024-12-07,142.37
2024-12-08,142.37
2024-12-09,142.37
2024-12-10,142.37
2024-12-11,142.37
2024-12-12,142.37
2024-12-13,142.37
2024-12-14,142.37
2024-12-15,142.37
2024-12-16,142.37
2024-12-17,142.37
2024-12-18,142.37
2024-12-19,142.37
2024-12-20,142.37
2024-12-21,142.37
2024-12-22,142.37
2024-12-23,142.37
2024-12-24,142.37
2024-12-25,142.37
2024-12-26,142.37
2024-12-27,142.37
2024-12-28,142.37
2024-12-29,142.37
2024-12-30,142.37
2024-12-31,142.37
2025-01-01,112.33
